Workbook

Sheet テーブル一覧
A1: 設計完了 | B1: No | C1: テーブル名(物理名) | D1: テーブル名(論理名) | E1: 1レコード当たりの容量[bit] | F1: 分類 | G1: 説明 | H1: 備考
A2: =IF(COUNTIFS(テーブル定義_一覧!$D:$D,$C2,テーブル定義_一覧!$A:$A,"")>0,"","〇") -> 〇 | B2: =ROW()-1 -> 1 | C2: {=_xlfn.UNIQUE(_xlfn._xlws.FILTER(テーブル定義_一覧!D:D,(テーブル定義_一覧!D:D<>"")*(テーブル定義_一覧!D:D<>"テーブル名(物理名)")))} -> vtuber_profiles | D2: =_xlfn.XLOOKUP(C2,テーブル定義_一覧!D:D,テーブル定義_一覧!E:E,"error") -> Vtuberプロフィール | E2: =SUMIF(テーブル定義_一覧!D:D,C2,テーブル定義_一覧!I:I) -> 1288 | F2: コンテンツ(動的) | G2: プロフィール本体。特に言語に依存しないIDや数値、FKが設定してあるものなど
A3: =IF(COUNTIFS(テーブル定義_一覧!$D:$D,$C3,テーブル定義_一覧!$A:$A,"")>0,"","〇") -> 〇 | B3: =ROW()-1 -> 2 | C3: join_group | D3: =_xlfn.XLOOKUP(C3,テーブル定義_一覧!D:D,テーブル定義_一覧!E:E,"error") -> 所属 | E3: =SUMIF(テーブル定義_一覧!D:D,C3,テーブル定義_一覧!I:I) -> 1416 | F3: コンテンツ(動的) | G3: Vtuberの所属を管理する。ホロライブ、にじさんじ、個人勢など
A4: =IF(COUNTIFS(テーブル定義_一覧!$D:$D,$C4,テーブル定義_一覧!$A:$A,"")>0,"","〇") -> 〇 | B4: =ROW()-1 -> 3 | C4: tag | D4: =_xlfn.XLOOKUP(C4,テーブル定義_一覧!D:D,テーブル定義_一覧!E:E,"error") -> タグ | E4: =SUMIF(テーブル定義_一覧!D:D,C4,テーブル定義_一覧!I:I) -> 776 | F4: コンテンツ(動的) | G4: ユーザーが任意でつけられるタグ。歌ってみた、ゲーム実況、ASMRなど
A5: =IF(COUNTIFS(テーブル定義_一覧!$D:$D,$C5,テーブル定義_一覧!$A:$A,"")>0,"","〇") -> 〇 | B5: =ROW()-1 -> 4 | C5: badge | D5: =_xlfn.XLOOKUP(C5,テーブル定義_一覧!D:D,テーブル定義_一覧!E:E,"error") -> バッジ | E5: =SUMIF(テーブル定義_一覧!D:D,C5,テーブル定義_一覧!I:I) -> 1160 | F5: システム管理(静的) | G5: システム的に自動で付与されるバッジを管理する。よく見られているVtuber、新人Vtuber、最近更新されたVtuberなど
A6: =IF(COUNTIFS(テーブル定義_一覧!$D:$D,$C6,テーブル定義_一覧!$A:$A,"")>0,"","〇") -> 〇 | B6: =ROW()-1 -> 5 | C6: activity_status | D6: =_xlfn.XLOOKUP(C6,テーブル定義_一覧!D:D,テーブル定義_一覧!E:E,"error") -> 活動状態 | E6: =SUMIF(テーブル定義_一覧!D:D,C6,テーブル定義_一覧!I:I) -> 904 | F6: システム管理(静的) | G6: Vtuber、所属の活動状態を管理する。準備中、活動中、休止中、卒業済みなど
A7: =IF(COUNTIFS(テーブル定義_一覧!$D:$D,$C7,テーブル定義_一覧!$A:$A,"")>0,"","〇") -> 〇 | B7: =ROW()-1 -> 6 | C7: sns_link | D7: =_xlfn.XLOOKUP(C7,テーブル定義_一覧!D:D,テーブル定義_一覧!E:E,"error") -> SNSリンク | E7: =SUMIF(テーブル定義_一覧!D:D,C7,テーブル定義_一覧!I:I) -> 1288 | F7: コンテンツ(動的) | G7: プロフィールのSNSリンクを管理する。アイコン、ラベル、URLがあるため別テーブルになった
A8: =IF(COUNTIFS(テーブル定義_一覧!$D:$D,$C8,テーブル定義_一覧!$A:$A,"")>0,"","〇") -> 〇 | B8: =ROW()-1 -> 7 | C8: bbs_res | D8: =_xlfn.XLOOKUP(C8,テーブル定義_一覧!D:D,テーブル定義_一覧!E:E,"error") -> BBS | E8: =SUMIF(テーブル定義_一覧!D:D,C8,テーブル定義_一覧!I:I) -> 1096 | F8: コンテンツ(動的) | G8: 各Vtuber詳細画面でのチャットのレスを管理。
A9: =IF(COUNTIFS(テーブル定義_一覧!$D:$D,$C9,テーブル定義_一覧!$A:$A,"")>0,"","〇") -> 〇 | B9: =ROW()-1 -> 8 | C9: page_author | D9: =_xlfn.XLOOKUP(C9,テーブル定義_一覧!D:D,テーブル定義_一覧!E:E,"error") -> ページ編集者 | E9: =SUMIF(テーブル定義_一覧!D:D,C9,テーブル定義_一覧!I:I) -> 1256 | F9: コンテンツ(動的) | G9: プロフィールの編集者を管理。編集内容も持つ。
A10: =IF(COUNTIFS(テーブル定義_一覧!$D:$D,$C10,テーブル定義_一覧!$A:$A,"")>0,"","〇") -> 〇 | B10: =ROW()-1 -> 9 | C10: contact | D10: =_xlfn.XLOOKUP(C10,テーブル定義_一覧!D:D,テーブル定義_一覧!E:E,"error") -> 問い合わせ | E10: =SUMIF(テーブル定義_一覧!D:D,C10,テーブル定義_一覧!I:I) -> 5112 | F10: コンテンツ(動的) | G10: ユーザーからの問い合わせ情報。問い合わせ内容や連絡先を管理
A11: =IF(COUNTIFS(テーブル定義_一覧!$D:$D,$C11,テーブル定義_一覧!$A:$A,"")>0,"","〇") -> 〇 | B11: =ROW()-1 -> 10 | C11: priority | D11: =_xlfn.XLOOKUP(C11,テーブル定義_一覧!D:D,テーブル定義_一覧!E:E,"error") -> 優先度 | E11: =SUMIF(テーブル定義_一覧!D:D,C11,テーブル定義_一覧!I:I) -> 904 | F11: システム管理(静的) | G11: 管理者向け。問い合わせに対する優先度を管理するためのステータス定義。最優先、優先度低など
A12: =IF(COUNTIFS(テーブル定義_一覧!$D:$D,$C12,テーブル定義_一覧!$A:$A,"")>0,"","〇") -> 〇 | B12: =ROW()-1 -> 11 | C12: response_status | D12: =_xlfn.XLOOKUP(C12,テーブル定義_一覧!D:D,テーブル定義_一覧!E:E,"error") -> 対応状況 | E12: =SUMIF(テーブル定義_一覧!D:D,C12,テーブル定義_一覧!I:I) -> 904 | F12: システム管理(静的) | G12: 管理者向け。問い合わせに対する対応状況を管理するためのステータス定義。未対応、対応中など
A13: =IF(COUNTIFS(テーブル定義_一覧!$D:$D,$C13,テーブル定義_一覧!$A:$A,"")>0,"","〇") -> 〇 | B13: =ROW()-1 -> 12 | C13: language | D13: =_xlfn.XLOOKUP(C13,テーブル定義_一覧!D:D,テーブル定義_一覧!E:E,"error") -> 表示言語 | E13: =SUMIF(テーブル定義_一覧!D:D,C13,テーブル定義_一覧!I:I) -> 1488 | F13: システム管理(静的) | G13: Webサイトが対応する言語の定義。
A14: =IF(COUNTIFS(テーブル定義_一覧!$D:$D,$C14,テーブル定義_一覧!$A:$A,"")>0,"","〇") -> 〇 | B14: =ROW()-1 -> 13 | C14: screen_word | D14: =_xlfn.XLOOKUP(C14,テーブル定義_一覧!D:D,テーブル定義_一覧!E:E,"error") -> 画面文言 | E14: =SUMIF(テーブル定義_一覧!D:D,C14,テーブル定義_一覧!I:I) -> 1032 | F14: システム管理(静的) | G14: 画面表示する単語全般やプルダウン、バッジなどの中身を定義する。表示言語ごとに用意する。画面要素x表示言語
... A28: =IF(COUNTIFS(テーブル定義_一覧!$D:$D,$C28,テーブル定義_一覧!$A:$A,"")>0,"","〇") -> 〇 | B28: =ROW()-1 -> 27 | C28: profile_activity | D28: =_xlfn.XLOOKUP(C28,テーブル定義_一覧!D:D,テーブル定義_一覧!E:E,"error") -> プロフィールの活動ジャンル | E28: =SUMIF(テーブル定義_一覧!D:D,C28,テーブル定義_一覧!I:I) -> 1032 | F28: コンテンツ(動的) | G28: プロフィールに紐づく活動ジャンルを管理する

Sheet テーブル定義_一覧
A1: 設計完了 | B1: FKリンク先検索用 | C1: No | D1: テーブル名(物理名) | E1: テーブル名(論理名) | F1: カラム名(物理名) | G1: カラム名(論理名) | H1: 型 | I1: bit数 | J1: PK | K1: FK | L1: FK参照先 | M1: FK参照先No | N1: 非NULL | O1: Unique | P1: デフォルト | Q1: 説明 | R1: 画面入力必須 | S1: 複数 | T1: 画面実装済み | U1: 備考
A2: 〇 | B2: =D2&"."&F2 -> vtuber_profiles.vtuber_profiles_uuid | C2: =ROW()-1 -> 1 | D2: vtuber_profiles | E2: Vtuberプロフィール | F2: =D2&"_uuid" -> vtuber_profiles_uuid | G2: UUID | H2: uuid | I2: =_xlfn.LET( _xlpm.可変bit数,--MID(H2,FIND("(",H2)+1,FIND(")",H2)-FIND("(",H2)-1), _xlfn.XLOOKUP( $H2, 型とバイト数!$B$3:$B$54, 型とバイト数!$E$3:$E$54, IF(LEFT($H2,7)="varchar",_xlpm.可変bit数*8, IF(LEFT($H2,4)="char",_xlpm.可変bit数*8, IF(LEFT($H2,3)="bit",_xlpm.可変bit数,"???") ) ) ) ) -> 128 | J2: x | M2: =_xlfn.SINGLE(IF(K2="","",IF(L2="","参照先未定義",_xlfn.XLOOKUP(L2,B:B,C:C,"エラー")))) | N2: x(PK制約) | O2: x(PK制約) | P2: gen_random_uuid()
A3: 〇 | B3: =D3&"."&F3 -> vtuber_profiles.vtuber_profiles_id | C3: =ROW()-1 -> 2 | D3: {=INDIRECT(ADDRESS(ROW()-1,COLUMN()))} -> vtuber_profiles | E3: {=INDIRECT(ADDRESS(ROW()-1,COLUMN()))} -> Vtuberプロフィール | F3: vtuber_profiles_id | G3: VプロフィールID | H3: varchar(8) | I3: =_xlfn.LET( _xlpm.可変bit数,--MID(H3,FIND("(",H3)+1,FIND(")",H3)-FIND("(",H3)-1), _xlfn.XLOOKUP( $H3, 型とバイト数!$B$3:$B$54, 型とバイト数!$E$3:$E$54, IF(LEFT($H3,7)="varchar",_xlpm.可変bit数*8, IF(LEFT($H3,4)="char",_xlpm.可変bit数*8, IF(LEFT($H3,3)="bit",_xlpm.可変bit数,"???") ) ) ) ) -> 64 | M3: =_xlfn.SINGLE(IF(K3="","",IF(L3="","参照先未定義",_xlfn.XLOOKUP(L3,B:B,C:C,"エラー")))) | N3: x | O3: x | U3: URLに使用する（DB連携はUUIDで管理
A4: 〇 | B4: =D4&"."&F4 -> vtuber_profiles.user_id | C4: =ROW()-1 -> 3 | D4: {=INDIRECT(ADDRESS(ROW()-1,COLUMN()))} -> vtuber_profiles | E4: {=INDIRECT(ADDRESS(ROW()-1,COLUMN()))} -> Vtuberプロフィール | F4: user_id | G4: ユーザーID | H4: uuid | I4: =_xlfn.LET( _xlpm.可変bit数,--MID(H4,FIND("(",H4)+1,FIND(")",H4)-FIND("(",H4)-1), _xlfn.XLOOKUP( $H4, 型とバイト数!$B$3:$B$54, 型とバイト数!$E$3:$E$54, IF(LEFT($H4,7)="varchar",_xlpm.可変bit数*8, IF(LEFT($H4,4)="char",_xlpm.可変bit数*8, IF(LEFT($H4,3)="bit",_xlpm.可変bit数,"???") ) ) ) ) -> 128 | K4: x | L4: users.users_uuid | M4: =_xlfn.SINGLE(IF(K4="","",IF(L4="","参照先未定義",_xlfn.XLOOKUP(L4,B:B,C:C,"エラー")))) -> 153 | Q4: 紐づけられたVtuberアカウント
A5: 〇 | B5: =D5&"."&F5 -> vtuber_profiles.join_group | C5: =ROW()-1 -> 4 | D5: {=INDIRECT(ADDRESS(ROW()-1,COLUMN()))} -> vtuber_profiles | E5: {=INDIRECT(ADDRESS(ROW()-1,COLUMN()))} -> Vtuberプロフィール | F5: join_group | G5: 所属 | H5: uuid | I5: =_xlfn.LET( _xlpm.可変bit数,--MID(H5,FIND("(",H5)+1,FIND(")",H5)-FIND("(",H5)-1), _xlfn.XLOOKUP( $H5, 型とバイト数!$B$3:$B$54, 型とバイト数!$E$3:$E$54, IF(LEFT($H5,7)="varchar",_xlpm.可変bit数*8, IF(LEFT($H5,4)="char",_xlpm.可変bit数*8, IF(LEFT($H5,3)="bit",_xlpm.可変bit数,"???") ) ) ) ) -> 128 | K5: x | L5: join_group.join_group_uuid | M5: =_xlfn.SINGLE(IF(K5="","",IF(L5="","参照先未定義",_xlfn.XLOOKUP(L5,B:B,C:C,"エラー")))) -> 12 | T5: x
A6: 〇 | B6: =D6&"."&F6 -> vtuber_profiles.debut_date | C6: =ROW()-1 -> 5 | D6: {=INDIRECT(ADDRESS(ROW()-1,COLUMN()))} -> vtuber_profiles | E6: {=INDIRECT(ADDRESS(ROW()-1,COLUMN()))} -> Vtuberプロフィール | F6: debut_date | G6: デビュー日 | H6: timestamptz | I6: =_xlfn.LET( _xlpm.可変bit数,--MID(H6,FIND("(",H6)+1,FIND(")",H6)-FIND("(",H6)-1), _xlfn.XLOOKUP( $H6, 型とバイト数!$B$3:$B$54, 型とバイト数!$E$3:$E$54, IF(LEFT($H6,7)="varchar",_xlpm.可変bit数*8, IF(LEFT($H6,4)="char",_xlpm.可変bit数*8, IF(LEFT($H6,3)="bit",_xlpm.可変bit数,"???") ) ) ) ) -> 64 | M6: =_xlfn.SINGLE(IF(K6="","",IF(L6="","参照先未定義",_xlfn.XLOOKUP(L6,B:B,C:C,"エラー")))) | T6: x
A7: 〇 | B7: =D7&"."&F7 -> vtuber_profiles.activity_status | C7: =ROW()-1 -> 6 | D7: {=INDIRECT(ADDRESS(ROW()-1,COLUMN()))} -> vtuber_profiles | E7: {=INDIRECT(ADDRESS(ROW()-1,COLUMN()))} -> Vtuberプロフィール | F7: activity_status | G7: 活動状態 | H7: uuid | I7: =_xlfn.LET( _xlpm.可変bit数,--MID(H7,FIND("(",H7)+1,FIND(")",H7)-FIND("(",H7)-1), _xlfn.XLOOKUP( $H7, 型とバイト数!$B$3:$B$54, 型とバイト数!$E$3:$E$54, IF(LEFT($H7,7)="varchar",_xlpm.可変bit数*8, IF(LEFT($H7,4)="char",_xlpm.可変bit数*8, IF(LEFT($H7,3)="bit",_xlpm.可変bit数,"???") ) ) ) ) -> 128 | K7: x | L7: activity_status.activity_status_uuid | M7: =_xlfn.SINGLE(IF(K7="","",IF(L7="","参照先未定義",_xlfn.XLOOKUP(L7,B:B,C:C,"エラー")))) -> 36 | N7: x
A8: 〇 | B8: =D8&"."&F8 -> vtuber_profiles.create_datetime | C8: =ROW()-1 -> 7 | D8: {=INDIRECT(ADDRESS(ROW()-1,COLUMN()))} -> vtuber_profiles | E8: {=INDIRECT(ADDRESS(ROW()-1,COLUMN()))} -> Vtuberプロフィール | F8: create_datetime | G8: 作成日 | H8: timestamptz | I8: =_xlfn.LET( _xlpm.可変bit数,--MID(H8,FIND("(",H8)+1,FIND(")",H8)-FIND("(",H8)-1), _xlfn.XLOOKUP( $H8, 型とバイト数!$B$3:$B$54, 型とバイト数!$E$3:$E$54, IF(LEFT($H8,7)="varchar",_xlpm.可変bit数*8, IF(LEFT($H8,4)="char",_xlpm.可変bit数*8, IF(LEFT($H8,3)="bit",_xlpm.可変bit数,"???") ) ) ) ) -> 64 | M8: =_xlfn.SINGLE(IF(K8="","",IF(L8="","参照先未定義",_xlfn.XLOOKUP(L8,B:B,C:C,"エラー")))) | N8: x | P8: CURRENT_TIMESTAMP
A9: 〇 | B9: =D9&"."&F9 -> vtuber_profiles.create_user | C9: =ROW()-1 -> 8 | D9: {=INDIRECT(ADDRESS(ROW()-1,COLUMN()))} -> vtuber_profiles | E9: {=INDIRECT(ADDRESS(ROW()-1,COLUMN()))} -> Vtuberプロフィール | F9: create_user | G9: 作成ユーザー | H9: varchar(32) | I9: =_xlfn.LET( _xlpm.可変bit数,--MID(H9,FIND("(",H9)+1,FIND(")",H9)-FIND("(",H9)-1), _xlfn.XLOOKUP( $H9, 型とバイト数!$B$3:$B$54, 型とバイト数!$E$3:$E$54, IF(LEFT($H9,7)="varchar",_xlpm.可変bit数*8, IF(LEFT($H9,4)="char",_xlpm.可変bit数*8, IF(LEFT($H9,3)="bit",_xlpm.可変bit数,"???") ) ) ) ) -> 256 | M9: =_xlfn.SINGLE(IF(K9="","",IF(L9="","参照先未定義",_xlfn.XLOOKUP(L9,B:B,C:C,"エラー")))) | N9: x | P9: CURRENT_USER | U9: 物理名を保存
A10: 〇 | B10: =D10&"."&F10 -> vtuber_profiles.update_datetime | C10: =ROW()-1 -> 9 | D10: {=INDIRECT(ADDRESS(ROW()-1,COLUMN()))} -> vtuber_profiles | E10: {=INDIRECT(ADDRESS(ROW()-1,COLUMN()))} -> Vtuberプロフィール | F10: update_datetime | G10: 更新日 | H10: timestamptz | I10: =_xlfn.LET( _xlpm.可変bit数,--MID(H10,FIND("(",H10)+1,FIND(")",H10)-FIND("(",H10)-1), _xlfn.XLOOKUP( $H10, 型とバイト数!$B$3:$B$54, 型とバイト数!$E$3:$E$54, IF(LEFT($H10,7)="varchar",_xlpm.可変bit数*8, IF(LEFT($H10,4)="char",_xlpm.可変bit数*8, IF(LEFT($H10,3)="bit",_xlpm.可変bit数,"???") ) ) ) ) -> 64 | M10: =_xlfn.SINGLE(IF(K10="","",IF(L10="","参照先未定義",_xlfn.XLOOKUP(L10,B:B,C:C,"エラー")))) | N10: x | P10: CURRENT_TIMESTAMP
A11: 〇 | B11: =D11&"."&F11 -> vtuber_profiles.update_user | C11: =ROW()-1 -> 10 | D11: {=INDIRECT(ADDRESS(ROW()-1,COLUMN()))} -> vtuber_profiles | E11: {=INDIRECT(ADDRESS(ROW()-1,COLUMN()))} -> Vtuberプロフィール | F11: update_user | G11: 更新ユーザー | H11: varchar(32) | I11: =_xlfn.LET( _xlpm.可変bit数,--MID(H11,FIND("(",H11)+1,FIND(")",H11)-FIND("(",H11)-1), _xlfn.XLOOKUP( $H11, 型とバイト数!$B$3:$B$54, 型とバイト数!$E$3:$E$54, IF(LEFT($H11,7)="varchar",_xlpm.可変bit数*8, IF(LEFT($H11,4)="char",_xlpm.可変bit数*8, IF(LEFT($H11,3)="bit",_xlpm.可変bit数,"???") ) ) ) ) -> 256 | M11: =_xlfn.SINGLE(IF(K11="","",IF(L11="","参照先未定義",_xlfn.XLOOKUP(L11,B:B,C:C,"エラー")))) | N11: x | P11: CURRENT_USER | U11: 物理名を保存
A12: 〇 | B12: =D12&"."&F12 -> vtuber_profiles.soft_delete_flag | C12: =ROW()-1 -> 11 | D12: {=INDIRECT(ADDRESS(ROW()-1,COLUMN()))} -> vtuber_profiles | E12: {=INDIRECT(ADDRESS(ROW()-1,COLUMN()))} -> Vtuberプロフィール | F12: soft_delete_flag | G12: 論理削除フラグ | H12: boolean | I12: =_xlfn.LET( _xlpm.可変bit数,--MID(H12,FIND("(",H12)+1,FIND(")",H12)-FIND("(",H12)-1), _xlfn.XLOOKUP( $H12, 型とバイト数!$B$3:$B$54, 型とバイト数!$E$3:$E$54, IF(LEFT($H12,7)="varchar",_xlpm.可変bit数*8, IF(LEFT($H12,4)="char",_xlpm.可変bit数*8, IF(LEFT($H12,3)="bit",_xlpm.可変bit数,"???") ) ) ) ) -> 8 | M12: =_xlfn.SINGLE(IF(K12="","",IF(L12="","参照先未定義",_xlfn.XLOOKUP(L12,B:B,C:C,"エラー")))) | N12: x | P12: 0
A13: 〇 | B13: =D13&"."&F13 -> join_group.join_group_uuid | C13: =ROW()-1 -> 12 | D13: join_group | E13: 所属 | F13: =D13&"_uuid" -> join_group_uuid | G13: UUID | H13: uuid | I13: =_xlfn.LET( _xlpm.可変bit数,--MID(H13,FIND("(",H13)+1,FIND(")",H13)-FIND("(",H13)-1), _xlfn.XLOOKUP( $H13, 型とバイト数!$B$3:$B$54, 型とバイト数!$E$3:$E$54, IF(LEFT($H13,7)="varchar",_xlpm.可変bit数*8, IF(LEFT($H13,4)="char",_xlpm.可変bit数*8, IF(LEFT($H13,3)="bit",_xlpm.可変bit数,"???") ) ) ) ) -> 128 | J13: x | M13: =_xlfn.SINGLE(IF(K13="","",IF(L13="","参照先未定義",_xlfn.XLOOKUP(L13,B:B,C:C,"エラー")))) | N13: x(PK制約) | O13: x(PK制約) | P13: gen_random_uuid()
A14: 〇 | B14: =D14&"."&F14 -> join_group.group_name | C14: =ROW()-1 -> 13 | D14: {=INDIRECT(ADDRESS(ROW()-1,COLUMN()))} -> join_group | E14: {=INDIRECT(ADDRESS(ROW()-1,COLUMN()))} -> 所属 | F14: group_name | G14: 所属名 | H14: varchar(64) | I14: =_xlfn.LET( _xlpm.可変bit数,--MID(H14,FIND("(",H14)+1,FIND(")",H14)-FIND("(",H14)-1), _xlfn.XLOOKUP( $H14, 型とバイト数!$B$3:$B$54, 型とバイト数!$E$3:$E$54, IF(LEFT($H14,7)="varchar",_xlpm.可変bit数*8, IF(LEFT($H14,4)="char",_xlpm.可変bit数*8, IF(LEFT($H14,3)="bit",_xlpm.可変bit数,"???") ) ) ) ) -> 512 | M14: =_xlfn.SINGLE(IF(K14="","",IF(L14="","参照先未定義",_xlfn.XLOOKUP(L14,B:B,C:C,"エラー")))) | N14: x | O14: x | T14: x
A15: 〇 | B15: =D15&"."&F15 -> join_group.operation_status | C15: =ROW()-1 -> 14 | D15: {=INDIRECT(ADDRESS(ROW()-1,COLUMN()))} -> join_group | E15: {=INDIRECT(ADDRESS(ROW()-1,COLUMN()))} -> 所属 | F15: operation_status | G15: 運営状態 | H15: uuid | I15: =_xlfn.LET( _xlpm.可変bit数,--MID(H15,FIND("(",H15)+1,FIND(")",H15)-FIND("(",H15)-1), _xlfn.XLOOKUP( $H15, 型とバイト数!$B$3:$B$54, 型とバイト数!$E$3:$E$54, IF(LEFT($H15,7)="varchar",_xlpm.可変bit数*8, IF(LEFT($H15,4)="char",_xlpm.可変bit数*8, IF(LEFT($H15,3)="bit",_xlpm.可変bit数,"???") ) ) ) ) -> 128 | K15: x | L15: activity_status.activity_status_uuid | M15: =_xlfn.SINGLE(IF(K15="","",IF(L15="","参照先未定義",_xlfn.XLOOKUP(L15,B:B,C:C,"エラー")))) -> 36
A16: 〇 | B16: =D16&"."&F16 -> join_group.group_detail | C16: =ROW()-1 -> 15 | D16: {=INDIRECT(ADDRESS(ROW()-1,COLUMN()))} -> join_group | E16: {=INDIRECT(ADDRESS(ROW()-1,COLUMN()))} -> 所属 | F16: group_detail | G16: 所属説明 | H16: text | I16: =_xlfn.LET( _xlpm.可変bit数,--MID(H16,FIND("(",H16)+1,FIND(")",H16)-FIND("(",H16)-1), _xlfn.XLOOKUP( $H16, 型とバイト数!$B$3:$B$54, 型とバイト数!$E$3:$E$54, IF(LEFT($H16,7)="varchar",_xlpm.可変bit数*8, IF(LEFT($H16,4)="char",_xlpm.可変bit数*8, IF(LEFT($H16,3)="bit",_xlpm.可変bit数,"???") ) ) ) ) -> - | M16: =_xlfn.SINGLE(IF(K16="","",IF(L16="","参照先未定義",_xlfn.XLOOKUP(L16,B:B,C:C,"エラー"))))
A17: 〇 | B17: =D17&"."&F17 -> join_group.create_datetime | C17: =ROW()-1 -> 16 | D17: {=INDIRECT(ADDRESS(ROW()-1,COLUMN()))} -> join_group | E17: {=INDIRECT(ADDRESS(ROW()-1,COLUMN()))} -> 所属 | F17: create_datetime | G17: 作成日 | H17: timestamptz | I17: =_xlfn.LET( _xlpm.可変bit数,--MID(H17,FIND("(",H17)+1,FIND(")",H17)-FIND("(",H17)-1), _xlfn.XLOOKUP( $H17, 型とバイト数!$B$3:$B$54, 型とバイト数!$E$3:$E$54, IF(LEFT($H17,7)="varchar",_xlpm.可変bit数*8, IF(LEFT($H17,4)="char",_xlpm.可変bit数*8, IF(LEFT($H17,3)="bit",_xlpm.可変bit数,"???") ) ) ) ) -> 64 | M17: =_xlfn.SINGLE(IF(K17="","",IF(L17="","参照先未定義",_xlfn.XLOOKUP(L17,B:B,C:C,"エラー")))) | N17: x | P17: CURRENT_TIMESTAMP
A18: 〇 | B18: =D18&"."&F18 -> join_group.create_user | C18: =ROW()-1 -> 17 | D18: {=INDIRECT(ADDRESS(ROW()-1,COLUMN()))} -> join_group | E18: {=INDIRECT(ADDRESS(ROW()-1,COLUMN()))} -> 所属 | F18: create_user | G18: 作成ユーザー | H18: varchar(32) | I18: =_xlfn.LET( _xlpm.可変bit数,--MID(H18,FIND("(",H18)+1,FIND(")",H18)-FIND("(",H18)-1), _xlfn.XLOOKUP( $H18, 型とバイト数!$B$3:$B$54, 型とバイト数!$E$3:$E$54, IF(LEFT($H18,7)="varchar",_xlpm.可変bit数*8, IF(LEFT($H18,4)="char",_xlpm.可変bit数*8, IF(LEFT($H18,3)="bit",_xlpm.可変bit数,"???") ) ) ) ) -> 256 | M18: =_xlfn.SINGLE(IF(K18="","",IF(L18="","参照先未定義",_xlfn.XLOOKUP(L18,B:B,C:C,"エラー")))) | N18: x | P18: CURRENT_USER | U18: 物理名を保存
A19: 〇 | B19: =D19&"."&F19 -> join_group.update_datetime | C19: =ROW()-1 -> 18 | D19: {=INDIRECT(ADDRESS(ROW()-1,COLUMN()))} -> join_group | E19: {=INDIRECT(ADDRESS(ROW()-1,COLUMN()))} -> 所属 | F19: update_datetime | G19: 更新日 | H19: timestamptz | I19: =_xlfn.LET( _xlpm.可変bit数,--MID(H19,FIND("(",H19)+1,FIND(")",H19)-FIND("(",H19)-1), _xlfn.XLOOKUP( $H19, 型とバイト数!$B$3:$B$54, 型とバイト数!$E$3:$E$54, IF(LEFT($H19,7)="varchar",_xlpm.可変bit数*8, IF(LEFT($H19,4)="char",_xlpm.可変bit数*8, IF(LEFT($H19,3)="bit",_xlpm.可変bit数,"???") ) ) ) ) -> 64 | M19: =_xlfn.SINGLE(IF(K19="","",IF(L19="","参照先未定義",_xlfn.XLOOKUP(L19,B:B,C:C,"エラー")))) | N19: x | P19: CURRENT_TIMESTAMP
A20: 〇 | B20: =D20&"."&F20 -> join_group.update_user | C20: =ROW()-1 -> 19 | D20: {=INDIRECT(ADDRESS(ROW()-1,COLUMN()))} -> join_group | E20: {=INDIRECT(ADDRESS(ROW()-1,COLUMN()))} -> 所属 | F20: update_user | G20: 更新ユーザー | H20: varchar(32) | I20: =_xlfn.LET( _xlpm.可変bit数,--MID(H20,FIND("(",H20)+1,FIND(")",H20)-FIND("(",H20)-1), _xlfn.XLOOKUP( $H20, 型とバイト数!$B$3:$B$54, 型とバイト数!$E$3:$E$54, IF(LEFT($H20,7)="varchar",_xlpm.可変bit数*8, IF(LEFT($H20,4)="char",_xlpm.可変bit数*8, IF(LEFT($H20,3)="bit",_xlpm.可変bit数,"???") ) ) ) ) -> 256 | M20: =_xlfn.SINGLE(IF(K20="","",IF(L20="","参照先未定義",_xlfn.XLOOKUP(L20,B:B,C:C,"エラー")))) | N20: x | P20: CURRENT_USER | U20: 物理名を保存
A21: 〇 | B21: =D21&"."&F21 -> join_group.soft_delete_flag | C21: =ROW()-1 -> 20 | D21: {=INDIRECT(ADDRESS(ROW()-1,COLUMN()))} -> join_group | E21: {=INDIRECT(ADDRESS(ROW()-1,COLUMN()))} -> 所属 | F21: soft_delete_flag | G21: 論理削除フラグ | H21: boolean | I21: =_xlfn.LET( _xlpm.可変bit数,--MID(H21,FIND("(",H21)+1,FIND(")",H21)-FIND("(",H21)-1), _xlfn.XLOOKUP( $H21, 型とバイト数!$B$3:$B$54, 型とバイト数!$E$3:$E$54, IF(LEFT($H21,7)="varchar",_xlpm.可変bit数*8, IF(LEFT($H21,4)="char",_xlpm.可変bit数*8, IF(LEFT($H21,3)="bit",_xlpm.可変bit数,"???") ) ) ) ) -> 8 | M21: =_xlfn.SINGLE(IF(K21="","",IF(L21="","参照先未定義",_xlfn.XLOOKUP(L21,B:B,C:C,"エラー")))) | N21: x | P21: 0
A22: 〇 | B22: =D22&"."&F22 -> tag.tag_uuid | C22: =ROW()-1 -> 21 | D22: tag | E22: タグ | F22: =D22&"_uuid" -> tag_uuid | G22: UUID | H22: uuid | I22: =_xlfn.LET( _xlpm.可変bit数,--MID(H22,FIND("(",H22)+1,FIND(")",H22)-FIND("(",H22)-1), _xlfn.XLOOKUP( $H22, 型とバイト数!$B$3:$B$54, 型とバイト数!$E$3:$E$54, IF(LEFT($H22,7)="varchar",_xlpm.可変bit数*8, IF(LEFT($H22,4)="char",_xlpm.可変bit数*8, IF(LEFT($H22,3)="bit",_xlpm.可変bit数,"???") ) ) ) ) -> 128 | J22: x | M22: =_xlfn.SINGLE(IF(K22="","",IF(L22="","参照先未定義",_xlfn.XLOOKUP(L22,B:B,C:C,"エラー")))) | N22: x(PK制約) | O22: x(PK制約) | P22: gen_random_uuid()
A23: 〇 | B23: =D23&"."&F23 -> tag.tag | C23: =ROW()-1 -> 22 | D23: {=INDIRECT(ADDRESS(ROW()-1,COLUMN()))} -> tag | E23: {=INDIRECT(ADDRESS(ROW()-1,COLUMN()))} -> タグ | F23: tag | G23: タグ名 | H23: text | I23: =_xlfn.LET( _xlpm.可変bit数,--MID(H23,FIND("(",H23)+1,FIND(")",H23)-FIND("(",H23)-1), _xlfn.XLOOKUP( $H23, 型とバイト数!$B$3:$B$54, 型とバイト数!$E$3:$E$54, IF(LEFT($H23,7)="varchar",_xlpm.可変bit数*8, IF(LEFT($H23,4)="char",_xlpm.可変bit数*8, IF(LEFT($H23,3)="bit",_xlpm.可変bit数,"???") ) ) ) ) -> - | M23: =_xlfn.SINGLE(IF(K23="","",IF(L23="","参照先未定義",_xlfn.XLOOKUP(L23,B:B,C:C,"エラー")))) | N23: x | O23: x | T23: x
A24: 〇 | B24: =D24&"."&F24 -> tag.create_datetime | C24: =ROW()-1 -> 23 | D24: {=INDIRECT(ADDRESS(ROW()-1,COLUMN()))} -> tag | E24: {=INDIRECT(ADDRESS(ROW()-1,COLUMN()))} -> タグ | F24: create_datetime | G24: 作成日 | H24: timestamptz | I24: =_xlfn.LET( _xlpm.可変bit数,--MID(H24,FIND("(",H24)+1,FIND(")",H24)-FIND("(",H24)-1), _xlfn.XLOOKUP( $H24, 型とバイト数!$B$3:$B$54, 型とバイト数!$E$3:$E$54, IF(LEFT($H24,7)="varchar",_xlpm.可変bit数*8, IF(LEFT($H24,4)="char",_xlpm.可変bit数*8, IF(LEFT($H24,3)="bit",_xlpm.可変bit数,"???") ) ) ) ) -> 64 | M24: =_xlfn.SINGLE(IF(K24="","",IF(L24="","参照先未定義",_xlfn.XLOOKUP(L24,B:B,C:C,"エラー")))) | N24: x | P24: CURRENT_TIMESTAMP
A25: 〇 | B25: =D25&"."&F25 -> tag.create_user | C25: =ROW()-1 -> 24 | D25: {=INDIRECT(ADDRESS(ROW()-1,COLUMN()))} -> tag | E25: {=INDIRECT(ADDRESS(ROW()-1,COLUMN()))} -> タグ | F25: create_user | G25: 作成ユーザー | H25: varchar(32) | I25: =_xlfn.LET( _xlpm.可変bit数,--MID(H25,FIND("(",H25)+1,FIND(")",H25)-FIND("(",H25)-1), _xlfn.XLOOKUP( $H25, 型とバイト数!$B$3:$B$54, 型とバイト数!$E$3:$E$54, IF(LEFT($H25,7)="varchar",_xlpm.可変bit数*8, IF(LEFT($H25,4)="char",_xlpm.可変bit数*8, IF(LEFT($H25,3)="bit",_xlpm.可変bit数,"???") ) ) ) ) -> 256 | M25: =_xlfn.SINGLE(IF(K25="","",IF(L25="","参照先未定義",_xlfn.XLOOKUP(L25,B:B,C:C,"エラー")))) | N25: x | P25: CURRENT_USER | U25: 物理名を保存
A26: 〇 | B26: =D26&"."&F26 -> tag.update_datetime | C26: =ROW()-1 -> 25 | D26: {=INDIRECT(ADDRESS(ROW()-1,COLUMN()))} -> tag | E26: {=INDIRECT(ADDRESS(ROW()-1,COLUMN()))} -> タグ | F26: update_datetime | G26: 更新日 | H26: timestamptz | I26: =_xlfn.LET( _xlpm.可変bit数,--MID(H26,FIND("(",H26)+1,FIND(")",H26)-FIND("(",H26)-1), _xlfn.XLOOKUP( $H26, 型とバイト数!$B$3:$B$54, 型とバイト数!$E$3:$E$54, IF(LEFT($H26,7)="varchar",_xlpm.可変bit数*8, IF(LEFT($H26,4)="char",_xlpm.可変bit数*8, IF(LEFT($H26,3)="bit",_xlpm.可変bit数,"???") ) ) ) ) -> 64 | M26: =_xlfn.SINGLE(IF(K26="","",IF(L26="","参照先未定義",_xlfn.XLOOKUP(L26,B:B,C:C,"エラー")))) | N26: x | P26: CURRENT_TIMESTAMP
A27: 〇 | B27: =D27&"."&F27 -> tag.update_user | C27: =ROW()-1 -> 26 | D27: {=INDIRECT(ADDRESS(ROW()-1,COLUMN()))} -> tag | E27: {=INDIRECT(ADDRESS(ROW()-1,COLUMN()))} -> タグ | F27: update_user | G27: 更新ユーザー | H27: varchar(32) | I27: =_xlfn.LET( _xlpm.可変bit数,--MID(H27,FIND("(",H27)+1,FIND(")",H27)-FIND("(",H27)-1), _xlfn.XLOOKUP( $H27, 型とバイト数!$B$3:$B$54, 型とバイト数!$E$3:$E$54, IF(LEFT($H27,7)="varchar",_xlpm.可変bit数*8, IF(LEFT($H27,4)="char",_xlpm.可変bit数*8, IF(LEFT($H27,3)="bit",_xlpm.可変bit数,"???") ) ) ) ) -> 256 | M27: =_xlfn.SINGLE(IF(K27="","",IF(L27="","参照先未定義",_xlfn.XLOOKUP(L27,B:B,C:C,"エラー")))) | N27: x | P27: CURRENT_USER | U27: 物理名を保存
A28: 〇 | B28: =D28&"."&F28 -> tag.soft_delete_flag | C28: =ROW()-1 -> 27 | D28: {=INDIRECT(ADDRESS(ROW()-1,COLUMN()))} -> tag | E28: {=INDIRECT(ADDRESS(ROW()-1,COLUMN()))} -> タグ | F28: soft_delete_flag | G28: 論理削除フラグ | H28: boolean | I28: =_xlfn.LET( _xlpm.可変bit数,--MID(H28,FIND("(",H28)+1,FIND(")",H28)-FIND("(",H28)-1), _xlfn.XLOOKUP( $H28, 型とバイト数!$B$3:$B$54, 型とバイト数!$E$3:$E$54, IF(LEFT($H28,7)="varchar",_xlpm.可変bit数*8, IF(LEFT($H28,4)="char",_xlpm.可変bit数*8, IF(LEFT($H28,3)="bit",_xlpm.可変bit数,"???") ) ) ) ) -> 8 | M28: =_xlfn.SINGLE(IF(K28="","",IF(L28="","参照先未定義",_xlfn.XLOOKUP(L28,B:B,C:C,"エラー")))) | N28: x | P28: 0
A29: 〇 | B29: =D29&"."&F29 -> badge.badge_uuid | C29: =ROW()-1 -> 28 | D29: badge | E29: バッジ | F29: =D29&"_uuid" -> badge_uuid | G29: UUID | H29: uuid | I29: =_xlfn.LET( _xlpm.可変bit数,--MID(H29,FIND("(",H29)+1,FIND(")",H29)-FIND("(",H29)-1), _xlfn.XLOOKUP( $H29, 型とバイト数!$B$3:$B$54, 型とバイト数!$E$3:$E$54, IF(LEFT($H29,7)="varchar",_xlpm.可変bit数*8, IF(LEFT($H29,4)="char",_xlpm.可変bit数*8, IF(LEFT($H29,3)="bit",_xlpm.可変bit数,"???") ) ) ) ) -> 128 | J29: x | M29: =_xlfn.SINGLE(IF(K29="","",IF(L29="","参照先未定義",_xlfn.XLOOKUP(L29,B:B,C:C,"エラー")))) | N29: x(PK制約) | O29: x(PK制約) | P29: gen_random_uuid()
A30: 〇 | B30: =D30&"."&F30 -> badge.badge_physical_name | C30: =ROW()-1 -> 29 | D30: {=INDIRECT(ADDRESS(ROW()-1,COLUMN()))} -> badge | E30: {=INDIRECT(ADDRESS(ROW()-1,COLUMN()))} -> バッジ | F30: badge_physical_name | G30: バッジ名(物理名) | H30: varchar(24) | I30: =_xlfn.LET( _xlpm.可変bit数,--MID(H30,FIND("(",H30)+1,FIND(")",H30)-FIND("(",H30)-1), _xlfn.XLOOKUP( $H30, 型とバイト数!$B$3:$B$54, 型とバイト数!$E$3:$E$54, IF(LEFT($H30,7)="varchar",_xlpm.可変bit数*8, IF(LEFT($H30,4)="char",_xlpm.可変bit数*8, IF(LEFT($H30,3)="bit",_xlpm.可変bit数,"???") ) ) ) ) -> 192 | M30: =_xlfn.SINGLE(IF(K30="","",IF(L30="","参照先未定義",_xlfn.XLOOKUP(L30,B:B,C:C,"エラー")))) | N30: x | O30: x | T30: x
A31: 〇 | B31: =D31&"."&F31 -> badge.badge_logical_name | C31: =ROW()-1 -> 30 | D31: {=INDIRECT(ADDRESS(ROW()-1,COLUMN()))} -> badge | E31: {=INDIRECT(ADDRESS(ROW()-1,COLUMN()))} -> バッジ | F31: badge_logical_name | G31: バッジ名(論理名) | H31: varchar(24) | I31: =_xlfn.LET( _xlpm.可変bit数,--MID(H31,FIND("(",H31)+1,FIND(")",H31)-FIND("(",H31)-1), _xlfn.XLOOKUP( $H31, 型とバイト数!$B$3:$B$54, 型とバイト数!$E$3:$E$54, IF(LEFT($H31,7)="varchar",_xlpm.可変bit数*8, IF(LEFT($H31,4)="char",_xlpm.可変bit数*8, IF(LEFT($H31,3)="bit",_xlpm.可変bit数,"???") ) ) ) ) -> 192 | M31: =_xlfn.SINGLE(IF(K31="","",IF(L31="","参照先未定義",_xlfn.XLOOKUP(L31,B:B,C:C,"エラー")))) | T31: x | U31: 多言語化対応で削除予定。よく見られているVtuber、新人Vtuber、最近更新されたVTuber
A32: 〇 | B32: =D32&"."&F32 -> badge.create_datetime | C32: =ROW()-1 -> 31 | D32: {=INDIRECT(ADDRESS(ROW()-1,COLUMN()))} -> badge | E32: {=INDIRECT(ADDRESS(ROW()-1,COLUMN()))} -> バッジ | F32: create_datetime | G32: 作成日 | H32: timestamptz | I32: =_xlfn.LET( _xlpm.可変bit数,--MID(H32,FIND("(",H32)+1,FIND(")",H32)-FIND("(",H32)-1), _xlfn.XLOOKUP( $H32, 型とバイト数!$B$3:$B$54, 型とバイト数!$E$3:$E$54, IF(LEFT($H32,7)="varchar",_xlpm.可変bit数*8, IF(LEFT($H32,4)="char",_xlpm.可変bit数*8, IF(LEFT($H32,3)="bit",_xlpm.可変bit数,"???") ) ) ) ) -> 64 | M32: =_xlfn.SINGLE(IF(K32="","",IF(L32="","参照先未定義",_xlfn.XLOOKUP(L32,B:B,C:C,"エラー")))) | N32: x | P32: CURRENT_TIMESTAMP
A33: 〇 | B33: =D33&"."&F33 -> badge.create_user | C33: =ROW()-1 -> 32 | D33: {=INDIRECT(ADDRESS(ROW()-1,COLUMN()))} -> badge | E33: {=INDIRECT(ADDRESS(ROW()-1,COLUMN()))} -> バッジ | F33: create_user | G33: 作成ユーザー | H33: varchar(32) | I33: =_xlfn.LET( _xlpm.可変bit数,--MID(H33,FIND("(",H33)+1,FIND(")",H33)-FIND("(",H33)-1), _xlfn.XLOOKUP( $H33, 型とバイト数!$B$3:$B$54, 型とバイト数!$E$3:$E$54, IF(LEFT($H33,7)="varchar",_xlpm.可変bit数*8, IF(LEFT($H33,4)="char",_xlpm.可変bit数*8, IF(LEFT($H33,3)="bit",_xlpm.可変bit数,"???") ) ) ) ) -> 256 | M33: =_xlfn.SINGLE(IF(K33="","",IF(L33="","参照先未定義",_xlfn.XLOOKUP(L33,B:B,C:C,"エラー")))) | N33: x | P33: CURRENT_USER | U33: 物理名を保存
A34: 〇 | B34: =D34&"."&F34 -> badge.update_datetime | C34: =ROW()-1 -> 33 | D34: {=INDIRECT(ADDRESS(ROW()-1,COLUMN()))} -> badge | E34: {=INDIRECT(ADDRESS(ROW()-1,COLUMN()))} -> バッジ | F34: update_datetime | G34: 更新日 | H34: timestamptz | I34: =_xlfn.LET( _xlpm.可変bit数,--MID(H34,FIND("(",H34)+1,FIND(")",H34)-FIND("(",H34)-1), _xlfn.XLOOKUP( $H34, 型とバイト数!$B$3:$B$54, 型とバイト数!$E$3:$E$54, IF(LEFT($H34,7)="varchar",_xlpm.可変bit数*8, IF(LEFT($H34,4)="char",_xlpm.可変bit数*8, IF(LEFT($H34,3)="bit",_xlpm.可変bit数,"???") ) ) ) ) -> 64 | M34: =_xlfn.SINGLE(IF(K34="","",IF(L34="","参照先未定義",_xlfn.XLOOKUP(L34,B:B,C:C,"エラー")))) | N34: x | P34: CURRENT_TIMESTAMP
A35: 〇 | B35: =D35&"."&F35 -> badge.update_user | C35: =ROW()-1 -> 34 | D35: {=INDIRECT(ADDRESS(ROW()-1,COLUMN()))} -> badge | E35: {=INDIRECT(ADDRESS(ROW()-1,COLUMN()))} -> バッジ | F35: update_user | G35: 更新ユーザー | H35: varchar(32) | I35: =_xlfn.LET( _xlpm.可変bit数,--MID(H35,FIND("(",H35)+1,FIND(")",H35)-FIND("(",H35)-1), _xlfn.XLOOKUP( $H35, 型とバイト数!$B$3:$B$54, 型とバイト数!$E$3:$E$54, IF(LEFT($H35,7)="varchar",_xlpm.可変bit数*8, IF(LEFT($H35,4)="char",_xlpm.可変bit数*8, IF(LEFT($H35,3)="bit",_xlpm.可変bit数,"???") ) ) ) ) -> 256 | M35: =_xlfn.SINGLE(IF(K35="","",IF(L35="","参照先未定義",_xlfn.XLOOKUP(L35,B:B,C:C,"エラー")))) | N35: x | P35: CURRENT_USER | U35: 物理名を保存
A36: 〇 | B36: =D36&"."&F36 -> badge.soft_delete_flag | C36: =ROW()-1 -> 35 | D36: {=INDIRECT(ADDRESS(ROW()-1,COLUMN()))} -> badge | E36: {=INDIRECT(ADDRESS(ROW()-1,COLUMN()))} -> バッジ | F36: soft_delete_flag | G36: 論理削除フラグ | H36: boolean | I36: =_xlfn.LET( _xlpm.可変bit数,--MID(H36,FIND("(",H36)+1,FIND(")",H36)-FIND("(",H36)-1), _xlfn.XLOOKUP( $H36, 型とバイト数!$B$3:$B$54, 型とバイト数!$E$3:$E$54, IF(LEFT($H36,7)="varchar",_xlpm.可変bit数*8, IF(LEFT($H36,4)="char",_xlpm.可変bit数*8, IF(LEFT($H36,3)="bit",_xlpm.可変bit数,"???") ) ) ) ) -> 8 | M36: =_xlfn.SINGLE(IF(K36="","",IF(L36="","参照先未定義",_xlfn.XLOOKUP(L36,B:B,C:C,"エラー")))) | N36: x | P36: 0
A37: 〇 | B37: =D37&"."&F37 -> activity_status.activity_status_uuid | C37: =ROW()-1 -> 36 | D37: activity_status | E37: 活動状態 | F37: =D37&"_uuid" -> activity_status_uuid | G37: UUID | H37: uuid | I37: =_xlfn.LET( _xlpm.可変bit数,--MID(H37,FIND("(",H37)+1,FIND(")",H37)-FIND("(",H37)-1), _xlfn.XLOOKUP( $H37, 型とバイト数!$B$3:$B$54, 型とバイト数!$E$3:$E$54, IF(LEFT($H37,7)="varchar",_xlpm.可変bit数*8, IF(LEFT($H37,4)="char",_xlpm.可変bit数*8, IF(LEFT($H37,3)="bit",_xlpm.可変bit数,"???") ) ) ) ) -> 128 | J37: x | M37: =_xlfn.SINGLE(IF(K37="","",IF(L37="","参照先未定義",_xlfn.XLOOKUP(L37,B:B,C:C,"エラー")))) | N37: x(PK制約) | O37: x(PK制約) | P37: gen_random_uuid()
A38: 〇 | B38: =D38&"."&F38 -> activity_status.activity_status_physical_name | C38: =ROW()-1 -> 37 | D38: {=INDIRECT(ADDRESS(ROW()-1,COLUMN()))} -> activity_status | E38: {=INDIRECT(ADDRESS(ROW()-1,COLUMN()))} -> 活動状態 | F38: activity_status_physical_name | G38: 活動状態名(物理名) | H38: varchar(8) | I38: =_xlfn.LET( _xlpm.可変bit数,--MID(H38,FIND("(",H38)+1,FIND(")",H38)-FIND("(",H38)-1), _xlfn.XLOOKUP( $H38, 型とバイト数!$B$3:$B$54, 型とバイト数!$E$3:$E$54, IF(LEFT($H38,7)="varchar",_xlpm.可変bit数*8, IF(LEFT($H38,4)="char",_xlpm.可変bit数*8, IF(LEFT($H38,3)="bit",_xlpm.可変bit数,"???") ) ) ) ) -> 64 | M38: =_xlfn.SINGLE(IF(K38="","",IF(L38="","参照先未定義",_xlfn.XLOOKUP(L38,B:B,C:C,"エラー")))) | N38: x | O38: x
A39: 〇 | B39: =D39&"."&F39 -> activity_status.activity_status_logical_name | C39: =ROW()-1 -> 38 | D39: {=INDIRECT(ADDRESS(ROW()-1,COLUMN()))} -> activity_status | E39: {=INDIRECT(ADDRESS(ROW()-1,COLUMN()))} -> 活動状態 | F39: activity_status_logical_name | G39: 活動状態名(論理名) | H39: varchar(8) | I39: =_xlfn.LET( _xlpm.可変bit数,--MID(H39,FIND("(",H39)+1,FIND(")",H39)-FIND("(",H39)-1), _xlfn.XLOOKUP( $H39, 型とバイト数!$B$3:$B$54, 型とバイト数!$E$3:$E$54, IF(LEFT($H39,7)="varchar",_xlpm.可変bit数*8, IF(LEFT($H39,4)="char",_xlpm.可変bit数*8, IF(LEFT($H39,3)="bit",_xlpm.可変bit数,"???") ) ) ) ) -> 64 | M39: =_xlfn.SINGLE(IF(K39="","",IF(L39="","参照先未定義",_xlfn.XLOOKUP(L39,B:B,C:C,"エラー")))) | U39: 多言語化対応で削除予定。活動開始前(VTuber準備中)、活動中、卒業済み
A40: 〇 | B40: =D40&"."&F40 -> activity_status.create_datetime | C40: =ROW()-1 -> 39 | D40: {=INDIRECT(ADDRESS(ROW()-1,COLUMN()))} -> activity_status | E40: {=INDIRECT(ADDRESS(ROW()-1,COLUMN()))} -> 活動状態 | F40: create_datetime | G40: 作成日 | H40: timestamptz | I40: =_xlfn.LET( _xlpm.可変bit数,--MID(H40,FIND("(",H40)+1,FIND(")",H40)-FIND("(",H40)-1), _xlfn.XLOOKUP( $H40, 型とバイト数!$B$3:$B$54, 型とバイト数!$E$3:$E$54, IF(LEFT($H40,7)="varchar",_xlpm.可変bit数*8, IF(LEFT($H40,4)="char",_xlpm.可変bit数*8, IF(LEFT($H40,3)="bit",_xlpm.可変bit数,"???") ) ) ) ) -> 64 | M40: =_xlfn.SINGLE(IF(K40="","",IF(L40="","参照先未定義",_xlfn.XLOOKUP(L40,B:B,C:C,"エラー")))) | N40: x | P40: CURRENT_TIMESTAMP
A41: 〇 | B41: =D41&"."&F41 -> activity_status.create_user | C41: =ROW()-1 -> 40 | D41: {=INDIRECT(ADDRESS(ROW()-1,COLUMN()))} -> activity_status | E41: {=INDIRECT(ADDRESS(ROW()-1,COLUMN()))} -> 活動状態 | F41: create_user | G41: 作成ユーザー | H41: varchar(32) | I41: =_xlfn.LET( _xlpm.可変bit数,--MID(H41,FIND("(",H41)+1,FIND(")",H41)-FIND("(",H41)-1), _xlfn.XLOOKUP( $H41, 型とバイト数!$B$3:$B$54, 型とバイト数!$E$3:$E$54, IF(LEFT($H41,7)="varchar",_xlpm.可変bit数*8, IF(LEFT($H41,4)="char",_xlpm.可変bit数*8, IF(LEFT($H41,3)="bit",_xlpm.可変bit数,"???") ) ) ) ) -> 256 | M41: =_xlfn.SINGLE(IF(K41="","",IF(L41="","参照先未定義",_xlfn.XLOOKUP(L41,B:B,C:C,"エラー")))) | N41: x | P41: CURRENT_USER | U41: 物理名を保存
A42: 〇 | B42: =D42&"."&F42 -> activity_status.update_datetime | C42: =ROW()-1 -> 41 | D42: {=INDIRECT(ADDRESS(ROW()-1,COLUMN()))} -> activity_status | E42: {=INDIRECT(ADDRESS(ROW()-1,COLUMN()))} -> 活動状態 | F42: update_datetime | G42: 更新日 | H42: timestamptz | I42: =_xlfn.LET( _xlpm.可変bit数,--MID(H42,FIND("(",H42)+1,FIND(")",H42)-FIND("(",H42)-1), _xlfn.XLOOKUP( $H42, 型とバイト数!$B$3:$B$54, 型とバイト数!$E$3:$E$54, IF(LEFT($H42,7)="varchar",_xlpm.可変bit数*8, IF(LEFT($H42,4)="char",_xlpm.可変bit数*8, IF(LEFT($H42,3)="bit",_xlpm.可変bit数,"???") ) ) ) ) -> 64 | M42: =_xlfn.SINGLE(IF(K42="","",IF(L42="","参照先未定義",_xlfn.XLOOKUP(L42,B:B,C:C,"エラー")))) | N42: x | P42: CURRENT_TIMESTAMP
A43: 〇 | B43: =D43&"."&F43 -> activity_status.update_user | C43: =ROW()-1 -> 42 | D43: {=INDIRECT(ADDRESS(ROW()-1,COLUMN()))} -> activity_status | E43: {=INDIRECT(ADDRESS(ROW()-1,COLUMN()))} -> 活動状態 | F43: update_user | G43: 更新ユーザー | H43: varchar(32) | I43: =_xlfn.LET( _xlpm.可変bit数,--MID(H43,FIND("(",H43)+1,FIND(")",H43)-FIND("(",H43)-1), _xlfn.XLOOKUP( $H43, 型とバイト数!$B$3:$B$54, 型とバイト数!$E$3:$E$54, IF(LEFT($H43,7)="varchar",_xlpm.可変bit数*8, IF(LEFT($H43,4)="char",_xlpm.可変bit数*8, IF(LEFT($H43,3)="bit",_xlpm.可変bit数,"???") ) ) ) ) -> 256 | M43: =_xlfn.SINGLE(IF(K43="","",IF(L43="","参照先未定義",_xlfn.XLOOKUP(L43,B:B,C:C,"エラー")))) | N43: x | P43: CURRENT_USER | U43: 物理名を保存
A44: 〇 | B44: =D44&"."&F44 -> activity_status.soft_delete_flag | C44: =ROW()-1 -> 43 | D44: {=INDIRECT(ADDRESS(ROW()-1,COLUMN()))} -> activity_status | E44: {=INDIRECT(ADDRESS(ROW()-1,COLUMN()))} -> 活動状態 | F44: soft_delete_flag | G44: 論理削除フラグ | H44: boolean | I44: =_xlfn.LET( _xlpm.可変bit数,--MID(H44,FIND("(",H44)+1,FIND(")",H44)-FIND("(",H44)-1), _xlfn.XLOOKUP( $H44, 型とバイト数!$B$3:$B$54, 型とバイト数!$E$3:$E$54, IF(LEFT($H44,7)="varchar",_xlpm.可変bit数*8, IF(LEFT($H44,4)="char",_xlpm.可変bit数*8, IF(LEFT($H44,3)="bit",_xlpm.可変bit数,"???") ) ) ) ) -> 8 | M44: =_xlfn.SINGLE(IF(K44="","",IF(L44="","参照先未定義",_xlfn.XLOOKUP(L44,B:B,C:C,"エラー")))) | N44: x | P44: 0
A45: 〇 | B45: =D45&"."&F45 -> sns_link.sns_link_uuid | C45: =ROW()-1 -> 44 | D45: sns_link | E45: SNSリンク | F45: =D45&"_uuid" -> sns_link_uuid | G45: UUID | H45: uuid | I45: =_xlfn.LET( _xlpm.可変bit数,--MID(H45,FIND("(",H45)+1,FIND(")",H45)-FIND("(",H45)-1), _xlfn.XLOOKUP( $H45, 型とバイト数!$B$3:$B$54, 型とバイト数!$E$3:$E$54, IF(LEFT($H45,7)="varchar",_xlpm.可変bit数*8, IF(LEFT($H45,4)="char",_xlpm.可変bit数*8, IF(LEFT($H45,3)="bit",_xlpm.可変bit数,"???") ) ) ) ) -> 128 | J45: x | M45: =_xlfn.SINGLE(IF(K45="","",IF(L45="","参照先未定義",_xlfn.XLOOKUP(L45,B:B,C:C,"エラー")))) | N45: x(PK制約) | O45: x(PK制約) | P45: gen_random_uuid()
A46: 〇 | B46: =D46&"."&F46 -> sns_link.vtuber_profiles_id | C46: =ROW()-1 -> 45 | D46: {=INDIRECT(ADDRESS(ROW()-1,COLUMN()))} -> sns_link | E46: {=INDIRECT(ADDRESS(ROW()-1,COLUMN()))} -> SNSリンク | F46: vtuber_profiles_id | G46: VプロフィールID | H46: uuid | I46: =_xlfn.LET( _xlpm.可変bit数,--MID(H46,FIND("(",H46)+1,FIND(")",H46)-FIND("(",H46)-1), _xlfn.XLOOKUP( $H46, 型とバイト数!$B$3:$B$54, 型とバイト数!$E$3:$E$54, IF(LEFT($H46,7)="varchar",_xlpm.可変bit数*8, IF(LEFT($H46,4)="char",_xlpm.可変bit数*8, IF(LEFT($H46,3)="bit",_xlpm.可変bit数,"???") ) ) ) ) -> 128 | K46: x | L46: vtuber_profiles.vtuber_profiles_uuid | M46: =_xlfn.SINGLE(IF(K46="","",IF(L46="","参照先未定義",_xlfn.XLOOKUP(L46,B:B,C:C,"エラー")))) -> 1 | N46: x
A47: 〇 | B47: =D47&"."&F47 -> sns_link.sns_icon | C47: =ROW()-1 -> 46 | D47: {=INDIRECT(ADDRESS(ROW()-1,COLUMN()))} -> sns_link | E47: {=INDIRECT(ADDRESS(ROW()-1,COLUMN()))} -> SNSリンク | F47: sns_icon | G47: SNSアイコン | H47: uuid | I47: =_xlfn.LET( _xlpm.可変bit数,--MID(H47,FIND("(",H47)+1,FIND(")",H47)-FIND("(",H47)-1), _xlfn.XLOOKUP( $H47, 型とバイト数!$B$3:$B$54, 型とバイト数!$E$3:$E$54, IF(LEFT($H47,7)="varchar",_xlpm.可変bit数*8, IF(LEFT($H47,4)="char",_xlpm.可変bit数*8, IF(LEFT($H47,3)="bit",_xlpm.可変bit数,"???") ) ) ) ) -> 128 | K47: x | L47: sns_support.sns_support_uuid | M47: =_xlfn.SINGLE(IF(K47="","",IF(L47="","参照先未定義",_xlfn.XLOOKUP(L47,B:B,C:C,"エラー")))) -> 123 | U47: 選択なしも含む
A48: 〇 | B48: =D48&"."&F48 -> sns_link.sns_link_label | C48: =ROW()-1 -> 47 | D48: {=INDIRECT(ADDRESS(ROW()-1,COLUMN()))} -> sns_link | E48: {=INDIRECT(ADDRESS(ROW()-1,COLUMN()))} -> SNSリンク | F48: sns_link_label | G48: ラベル名 | H48: varchar(32) | I48: =_xlfn.LET( _xlpm.可変bit数,--MID(H48,FIND("(",H48)+1,FIND(")",H48)-FIND("(",H48)-1), _xlfn.XLOOKUP( $H48, 型とバイト数!$B$3:$B$54, 型とバイト数!$E$3:$E$54, IF(LEFT($H48,7)="varchar",_xlpm.可変bit数*8, IF(LEFT($H48,4)="char",_xlpm.可変bit数*8, IF(LEFT($H48,3)="bit",_xlpm.可変bit数,"???") ) ) ) ) -> 256 | M48: =_xlfn.SINGLE(IF(K48="","",IF(L48="","参照先未定義",_xlfn.XLOOKUP(L48,B:B,C:C,"エラー")))) | P48: SNSアイコンに紐づくSNS名
A49: 〇 | B49: =D49&"."&F49 -> sns_link.sns_url | C49: =ROW()-1 -> 48 | D49: {=INDIRECT(ADDRESS(ROW()-1,COLUMN()))} -> sns_link | E49: {=INDIRECT(ADDRESS(ROW()-1,COLUMN()))} -> SNSリンク | F49: sns_url | G49: URL | H49: text | I49: =_xlfn.LET( _xlpm.可変bit数,--MID(H49,FIND("(",H49)+1,FIND(")",H49)-FIND("(",H49)-1), _xlfn.XLOOKUP( $H49, 型とバイト数!$B$3:$B$54, 型とバイト数!$E$3:$E$54, IF(LEFT($H49,7)="varchar",_xlpm.可変bit数*8, IF(LEFT($H49,4)="char",_xlpm.可変bit数*8, IF(LEFT($H49,3)="bit",_xlpm.可変bit数,"???") ) ) ) ) -> - | M49: =_xlfn.SINGLE(IF(K49="","",IF(L49="","参照先未定義",_xlfn.XLOOKUP(L49,B:B,C:C,"エラー")))) | N49: x
A50: 〇 | B50: =D50&"."&F50 -> sns_link.create_datetime | C50: =ROW()-1 -> 49 | D50: {=INDIRECT(ADDRESS(ROW()-1,COLUMN()))} -> sns_link | E50: {=INDIRECT(ADDRESS(ROW()-1,COLUMN()))} -> SNSリンク | F50: create_datetime | G50: 作成日 | H50: timestamptz | I50: =_xlfn.LET( _xlpm.可変bit数,--MID(H50,FIND("(",H50)+1,FIND(")",H50)-FIND("(",H50)-1), _xlfn.XLOOKUP( $H50, 型とバイト数!$B$3:$B$54, 型とバイト数!$E$3:$E$54, IF(LEFT($H50,7)="varchar",_xlpm.可変bit数*8, IF(LEFT($H50,4)="char",_xlpm.可変bit数*8, IF(LEFT($H50,3)="bit",_xlpm.可変bit数,"???") ) ) ) ) -> 64 | M50: =_xlfn.SINGLE(IF(K50="","",IF(L50="","参照先未定義",_xlfn.XLOOKUP(L50,B:B,C:C,"エラー")))) | N50: x | P50: CURRENT_TIMESTAMP
A51: 〇 | B51: =D51&"."&F51 -> sns_link.create_user | C51: =ROW()-1 -> 50 | D51: {=INDIRECT(ADDRESS(ROW()-1,COLUMN()))} -> sns_link | E51: {=INDIRECT(ADDRESS(ROW()-1,COLUMN()))} -> SNSリンク | F51: create_user | G51: 作成ユーザー | H51: varchar(32) | I51: =_xlfn.LET( _xlpm.可変bit数,--MID(H51,FIND("(",H51)+1,FIND(")",H51)-FIND("(",H51)-1), _xlfn.XLOOKUP( $H51, 型とバイト数!$B$3:$B$54, 型とバイト数!$E$3:$E$54, IF(LEFT($H51,7)="varchar",_xlpm.可変bit数*8, IF(LEFT($H51,4)="char",_xlpm.可変bit数*8, IF(LEFT($H51,3)="bit",_xlpm.可変bit数,"???") ) ) ) ) -> 256 | M51: =_xlfn.SINGLE(IF(K51="","",IF(L51="","参照先未定義",_xlfn.XLOOKUP(L51,B:B,C:C,"エラー")))) | N51: x | P51: CURRENT_USER | U51: 物理名を保存
A52: 〇 | B52: =D52&"."&F52 -> sns_link.update_datetime | C52: =ROW()-1 -> 51 | D52: {=INDIRECT(ADDRESS(ROW()-1,COLUMN()))} -> sns_link | E52: {=INDIRECT(ADDRESS(ROW()-1,COLUMN()))} -> SNSリンク | F52: update_datetime | G52: 更新日 | H52: timestamptz | I52: =_xlfn.LET( _xlpm.可変bit数,--MID(H52,FIND("(",H52)+1,FIND(")",H52)-FIND("(",H52)-1), _xlfn.XLOOKUP( $H52, 型とバイト数!$B$3:$B$54, 型とバイト数!$E$3:$E$54, IF(LEFT($H52,7)="varchar",_xlpm.可変bit数*8, IF(LEFT($H52,4)="char",_xlpm.可変bit数*8, IF(LEFT($H52,3)="bit",_xlpm.可変bit数,"???") ) ) ) ) -> 64 | M52: =_xlfn.SINGLE(IF(K52="","",IF(L52="","参照先未定義",_xlfn.XLOOKUP(L52,B:B,C:C,"エラー")))) | N52: x | P52: CURRENT_TIMESTAMP
A53: 〇 | B53: =D53&"."&F53 -> sns_link.update_user | C53: =ROW()-1 -> 52 | D53: {=INDIRECT(ADDRESS(ROW()-1,COLUMN()))} -> sns_link | E53: {=INDIRECT(ADDRESS(ROW()-1,COLUMN()))} -> SNSリンク | F53: update_user | G53: 更新ユーザー | H53: varchar(32) | I53: =_xlfn.LET( _xlpm.可変bit数,--MID(H53,FIND("(",H53)+1,FIND(")",H53)-FIND("(",H53)-1), _xlfn.XLOOKUP( $H53, 型とバイト数!$B$3:$B$54, 型とバイト数!$E$3:$E$54, IF(LEFT($H53,7)="varchar",_xlpm.可変bit数*8, IF(LEFT($H53,4)="char",_xlpm.可変bit数*8, IF(LEFT($H53,3)="bit",_xlpm.可変bit数,"???") ) ) ) ) -> 256 | M53: =_xlfn.SINGLE(IF(K53="","",IF(L53="","参照先未定義",_xlfn.XLOOKUP(L53,B:B,C:C,"エラー")))) | N53: x | P53: CURRENT_USER | U53: 物理名を保存
A54: 〇 | B54: =D54&"."&F54 -> sns_link.soft_delete_flag | C54: =ROW()-1 -> 53 | D54: {=INDIRECT(ADDRESS(ROW()-1,COLUMN()))} -> sns_link | E54: {=INDIRECT(ADDRESS(ROW()-1,COLUMN()))} -> SNSリンク | F54: soft_delete_flag | G54: 論理削除フラグ | H54: boolean | I54: =_xlfn.LET( _xlpm.可変bit数,--MID(H54,FIND("(",H54)+1,FIND(")",H54)-FIND("(",H54)-1), _xlfn.XLOOKUP( $H54, 型とバイト数!$B$3:$B$54, 型とバイト数!$E$3:$E$54, IF(LEFT($H54,7)="varchar",_xlpm.可変bit数*8, IF(LEFT($H54,4)="char",_xlpm.可変bit数*8, IF(LEFT($H54,3)="bit",_xlpm.可変bit数,"???") ) ) ) ) -> 8 | M54: =_xlfn.SINGLE(IF(K54="","",IF(L54="","参照先未定義",_xlfn.XLOOKUP(L54,B:B,C:C,"エラー")))) | N54: x | P54: 0
A55: 〇 | B55: =D55&"."&F55 -> bbs_res.bbs_res_uuid | C55: =ROW()-1 -> 54 | D55: bbs_res | E55: BBS | F55: =D55&"_uuid" -> bbs_res_uuid | G55: UUID | H55: uuid | I55: =_xlfn.LET( _xlpm.可変bit数,--MID(H55,FIND("(",H55)+1,FIND(")",H55)-FIND("(",H55)-1), _xlfn.XLOOKUP( $H55, 型とバイト数!$B$3:$B$54, 型とバイト数!$E$3:$E$54, IF(LEFT($H55,7)="varchar",_xlpm.可変bit数*8, IF(LEFT($H55,4)="char",_xlpm.可変bit数*8, IF(LEFT($H55,3)="bit",_xlpm.可変bit数,"???") ) ) ) ) -> 128 | J55: x | M55: =_xlfn.SINGLE(IF(K55="","",IF(L55="","参照先未定義",_xlfn.XLOOKUP(L55,B:B,C:C,"エラー")))) | N55: x(PK制約) | O55: x(PK制約) | P55: gen_random_uuid()
A56: 〇 | B56: =D56&"."&F56 -> bbs_res.vtuber_profiles_id | C56: =ROW()-1 -> 55 | D56: {=INDIRECT(ADDRESS(ROW()-1,COLUMN()))} -> bbs_res | E56: {=INDIRECT(ADDRESS(ROW()-1,COLUMN()))} -> BBS | F56: vtuber_profiles_id | G56: VプロフィールID | H56: uuid | I56: =_xlfn.LET( _xlpm.可変bit数,--MID(H56,FIND("(",H56)+1,FIND(")",H56)-FIND("(",H56)-1), _xlfn.XLOOKUP( $H56, 型とバイト数!$B$3:$B$54, 型とバイト数!$E$3:$E$54, IF(LEFT($H56,7)="varchar",_xlpm.可変bit数*8, IF(LEFT($H56,4)="char",_xlpm.可変bit数*8, IF(LEFT($H56,3)="bit",_xlpm.可変bit数,"???") ) ) ) ) -> 128 | K56: x | L56: vtuber_profiles.vtuber_profiles_uuid | M56: =_xlfn.SINGLE(IF(K56="","",IF(L56="","参照先未定義",_xlfn.XLOOKUP(L56,B:B,C:C,"エラー")))) -> 1 | N56: x
A57: 〇 | B57: =D57&"."&F57 -> bbs_res.user_id | C57: =ROW()-1 -> 56 | D57: {=INDIRECT(ADDRESS(ROW()-1,COLUMN()))} -> bbs_res | E57: {=INDIRECT(ADDRESS(ROW()-1,COLUMN()))} -> BBS | F57: user_id | G57: ユーザーID | H57: uuid | I57: =_xlfn.LET( _xlpm.可変bit数,--MID(H57,FIND("(",H57)+1,FIND(")",H57)-FIND("(",H57)-1), _xlfn.XLOOKUP( $H57, 型とバイト数!$B$3:$B$54, 型とバイト数!$E$3:$E$54, IF(LEFT($H57,7)="varchar",_xlpm.可変bit数*8, IF(LEFT($H57,4)="char",_xlpm.可変bit数*8, IF(LEFT($H57,3)="bit",_xlpm.可変bit数,"???") ) ) ) ) -> 128 | K57: x | L57: users.users_uuid | M57: =_xlfn.SINGLE(IF(K57="","",IF(L57="","参照先未定義",_xlfn.XLOOKUP(L57,B:B,C:C,"エラー")))) -> 153 | N57: x
A58: 〇 | B58: =D58&"."&F58 -> bbs_res.res_text | C58: =ROW()-1 -> 57 | D58: {=INDIRECT(ADDRESS(ROW()-1,COLUMN()))} -> bbs_res | E58: {=INDIRECT(ADDRESS(ROW()-1,COLUMN()))} -> BBS | F58: res_text | G58: レス内容 | H58: text | I58: =_xlfn.LET( _xlpm.可変bit数,--MID(H58,FIND("(",H58)+1,FIND(")",H58)-FIND("(",H58)-1), _xlfn.XLOOKUP( $H58, 型とバイト数!$B$3:$B$54, 型とバイト数!$E$3:$E$54, IF(LEFT($H58,7)="varchar",_xlpm.可変bit数*8, IF(LEFT($H58,4)="char",_xlpm.可変bit数*8, IF(LEFT($H58,3)="bit",_xlpm.可変bit数,"???") ) ) ) ) -> - | M58: =_xlfn.SINGLE(IF(K58="","",IF(L58="","参照先未定義",_xlfn.XLOOKUP(L58,B:B,C:C,"エラー")))) | N58: x
A59: 〇 | B59: =D59&"."&F59 -> bbs_res.res_datetime | C59: =ROW()-1 -> 58 | D59: {=INDIRECT(ADDRESS(ROW()-1,COLUMN()))} -> bbs_res | E59: {=INDIRECT(ADDRESS(ROW()-1,COLUMN()))} -> BBS | F59: res_datetime | G59: 投稿日時時刻 | H59: timestamptz | I59: =_xlfn.LET( _xlpm.可変bit数,--MID(H59,FIND("(",H59)+1,FIND(")",H59)-FIND("(",H59)-1), _xlfn.XLOOKUP( $H59, 型とバイト数!$B$3:$B$54, 型とバイト数!$E$3:$E$54, IF(LEFT($H59,7)="varchar",_xlpm.可変bit数*8, IF(LEFT($H59,4)="char",_xlpm.可変bit数*8, IF(LEFT($H59,3)="bit",_xlpm.可変bit数,"???") ) ) ) ) -> 64 | M59: =_xlfn.SINGLE(IF(K59="","",IF(L59="","参照先未定義",_xlfn.XLOOKUP(L59,B:B,C:C,"エラー")))) | N59: x
A60: 〇 | B60: =D60&"."&F60 -> bbs_res.create_datetime | C60: =ROW()-1 -> 59 | D60: {=INDIRECT(ADDRESS(ROW()-1,COLUMN()))} -> bbs_res | E60: {=INDIRECT(ADDRESS(ROW()-1,COLUMN()))} -> BBS | F60: create_datetime | G60: 作成日 | H60: timestamptz | I60: =_xlfn.LET( _xlpm.可変bit数,--MID(H60,FIND("(",H60)+1,FIND(")",H60)-FIND("(",H60)-1), _xlfn.XLOOKUP( $H60, 型とバイト数!$B$3:$B$54, 型とバイト数!$E$3:$E$54, IF(LEFT($H60,7)="varchar",_xlpm.可変bit数*8, IF(LEFT($H60,4)="char",_xlpm.可変bit数*8, IF(LEFT($H60,3)="bit",_xlpm.可変bit数,"???") ) ) ) ) -> 64 | M60: =_xlfn.SINGLE(IF(K60="","",IF(L60="","参照先未定義",_xlfn.XLOOKUP(L60,B:B,C:C,"エラー")))) | N60: x | P60: CURRENT_TIMESTAMP
A61: 〇 | B61: =D61&"."&F61 -> bbs_res.create_user | C61: =ROW()-1 -> 60 | D61: {=INDIRECT(ADDRESS(ROW()-1,COLUMN()))} -> bbs_res | E61: {=INDIRECT(ADDRESS(ROW()-1,COLUMN()))} -> BBS | F61: create_user | G61: 作成ユーザー | H61: varchar(32) | I61: =_xlfn.LET( _xlpm.可変bit数,--MID(H61,FIND("(",H61)+1,FIND(")",H61)-FIND("(",H61)-1), _xlfn.XLOOKUP( $H61, 型とバイト数!$B$3:$B$54, 型とバイト数!$E$3:$E$54, IF(LEFT($H61,7)="varchar",_xlpm.可変bit数*8, IF(LEFT($H61,4)="char",_xlpm.可変bit数*8, IF(LEFT($H61,3)="bit",_xlpm.可変bit数,"???") ) ) ) ) -> 256 | M61: =_xlfn.SINGLE(IF(K61="","",IF(L61="","参照先未定義",_xlfn.XLOOKUP(L61,B:B,C:C,"エラー")))) | N61: x | P61: CURRENT_USER | U61: 物理名を保存
A62: 〇 | B62: =D62&"."&F62 -> bbs_res.update_datetime | C62: =ROW()-1 -> 61 | D62: {=INDIRECT(ADDRESS(ROW()-1,COLUMN()))} -> bbs_res | E62: {=INDIRECT(ADDRESS(ROW()-1,COLUMN()))} -> BBS | F62: update_datetime | G62: 更新日 | H62: timestamptz | I62: =_xlfn.LET( _xlpm.可変bit数,--MID(H62,FIND("(",H62)+1,FIND(")",H62)-FIND("(",H62)-1), _xlfn.XLOOKUP( $H62, 型とバイト数!$B$3:$B$54, 型とバイト数!$E$3:$E$54, IF(LEFT($H62,7)="varchar",_xlpm.可変bit数*8, IF(LEFT($H62,4)="char",_xlpm.可変bit数*8, IF(LEFT($H62,3)="bit",_xlpm.可変bit数,"???") ) ) ) ) -> 64 | M62: =_xlfn.SINGLE(IF(K62="","",IF(L62="","参照先未定義",_xlfn.XLOOKUP(L62,B:B,C:C,"エラー")))) | N62: x | P62: CURRENT_TIMESTAMP
A63: 〇 | B63: =D63&"."&F63 -> bbs_res.update_user | C63: =ROW()-1 -> 62 | D63: {=INDIRECT(ADDRESS(ROW()-1,COLUMN()))} -> bbs_res | E63: {=INDIRECT(ADDRESS(ROW()-1,COLUMN()))} -> BBS | F63: update_user | G63: 更新ユーザー | H63: varchar(32) | I63: =_xlfn.LET( _xlpm.可変bit数,--MID(H63,FIND("(",H63)+1,FIND(")",H63)-FIND("(",H63)-1), _xlfn.XLOOKUP( $H63, 型とバイト数!$B$3:$B$54, 型とバイト数!$E$3:$E$54, IF(LEFT($H63,7)="varchar",_xlpm.可変bit数*8, IF(LEFT($H63,4)="char",_xlpm.可変bit数*8, IF(LEFT($H63,3)="bit",_xlpm.可変bit数,"???") ) ) ) ) -> 256 | M63: =_xlfn.SINGLE(IF(K63="","",IF(L63="","参照先未定義",_xlfn.XLOOKUP(L63,B:B,C:C,"エラー")))) | N63: x | P63: CURRENT_USER | U63: 物理名を保存
A64: 〇 | B64: =D64&"."&F64 -> bbs_res.soft_delete_flag | C64: =ROW()-1 -> 63 | D64: {=INDIRECT(ADDRESS(ROW()-1,COLUMN()))} -> bbs_res | E64: {=INDIRECT(ADDRESS(ROW()-1,COLUMN()))} -> BBS | F64: soft_delete_flag | G64: 論理削除フラグ | H64: boolean | I64: =_xlfn.LET( _xlpm.可変bit数,--MID(H64,FIND("(",H64)+1,FIND(")",H64)-FIND("(",H64)-1), _xlfn.XLOOKUP( $H64, 型とバイト数!$B$3:$B$54, 型とバイト数!$E$3:$E$54, IF(LEFT($H64,7)="varchar",_xlpm.可変bit数*8, IF(LEFT($H64,4)="char",_xlpm.可変bit数*8, IF(LEFT($H64,3)="bit",_xlpm.可変bit数,"???") ) ) ) ) -> 8 | M64: =_xlfn.SINGLE(IF(K64="","",IF(L64="","参照先未定義",_xlfn.XLOOKUP(L64,B:B,C:C,"エラー")))) | N64: x | P64: 0
A65: 〇 | B65: =D65&"."&F65 -> page_author.page_author_uuid | C65: =ROW()-1 -> 64 | D65: page_author | E65: ページ編集者 | F65: =D65&"_uuid" -> page_author_uuid | G65: UUID | H65: uuid | I65: =_xlfn.LET( _xlpm.可変bit数,--MID(H65,FIND("(",H65)+1,FIND(")",H65)-FIND("(",H65)-1), _xlfn.XLOOKUP( $H65, 型とバイト数!$B$3:$B$54, 型とバイト数!$E$3:$E$54, IF(LEFT($H65,7)="varchar",_xlpm.可変bit数*8, IF(LEFT($H65,4)="char",_xlpm.可変bit数*8, IF(LEFT($H65,3)="bit",_xlpm.可変bit数,"???") ) ) ) ) -> 128 | J65: x | M65: =_xlfn.SINGLE(IF(K65="","",IF(L65="","参照先未定義",_xlfn.XLOOKUP(L65,B:B,C:C,"エラー")))) | N65: x(PK制約) | O65: x(PK制約) | P65: gen_random_uuid()
A66: 〇 | B66: =D66&"."&F66 -> page_author.user_id | C66: =ROW()-1 -> 65 | D66: {=INDIRECT(ADDRESS(ROW()-1,COLUMN()))} -> page_author | E66: {=INDIRECT(ADDRESS(ROW()-1,COLUMN()))} -> ページ編集者 | F66: user_id | G66: ユーザーID | H66: uuid | I66: =_xlfn.LET( _xlpm.可変bit数,--MID(H66,FIND("(",H66)+1,FIND(")",H66)-FIND("(",H66)-1), _xlfn.XLOOKUP( $H66, 型とバイト数!$B$3:$B$54, 型とバイト数!$E$3:$E$54, IF(LEFT($H66,7)="varchar",_xlpm.可変bit数*8, IF(LEFT($H66,4)="char",_xlpm.可変bit数*8, IF(LEFT($H66,3)="bit",_xlpm.可変bit数,"???") ) ) ) ) -> 128 | K66: x | L66: users.users_uuid | M66: =_xlfn.SINGLE(IF(K66="","",IF(L66="","参照先未定義",_xlfn.XLOOKUP(L66,B:B,C:C,"エラー")))) -> 153 | N66: x
A67: 〇 | B67: =D67&"."&F67 -> page_author.vtuber_profiles_id | C67: =ROW()-1 -> 66 | D67: {=INDIRECT(ADDRESS(ROW()-1,COLUMN()))} -> page_author | E67: {=INDIRECT(ADDRESS(ROW()-1,COLUMN()))} -> ページ編集者 | F67: vtuber_profiles_id | G67: ユーザーID | H67: uuid | I67: =_xlfn.LET( _xlpm.可変bit数,--MID(H67,FIND("(",H67)+1,FIND(")",H67)-FIND("(",H67)-1), _xlfn.XLOOKUP( $H67, 型とバイト数!$B$3:$B$54, 型とバイト数!$E$3:$E$54, IF(LEFT($H67,7)="varchar",_xlpm.可変bit数*8, IF(LEFT($H67,4)="char",_xlpm.可変bit数*8, IF(LEFT($H67,3)="bit",_xlpm.可変bit数,"???") ) ) ) ) -> 128 | K67: x | L67: vtuber_profiles.vtuber_profiles_uuid | M67: =_xlfn.SINGLE(IF(K67="","",IF(L67="","参照先未定義",_xlfn.XLOOKUP(L67,B:B,C:C,"エラー")))) -> 1 | N67: x
A68: 〇 | B68: =D68&"."&F68 -> page_author.fix_item | C68: =ROW()-1 -> 67 | D68: {=INDIRECT(ADDRESS(ROW()-1,COLUMN()))} -> page_author | E68: {=INDIRECT(ADDRESS(ROW()-1,COLUMN()))} -> ページ編集者 | F68: fix_item | G68: 修正項目 | H68: uuid | I68: =_xlfn.LET( _xlpm.可変bit数,--MID(H68,FIND("(",H68)+1,FIND(")",H68)-FIND("(",H68)-1), _xlfn.XLOOKUP( $H68, 型とバイト数!$B$3:$B$54, 型とバイト数!$E$3:$E$54, IF(LEFT($H68,7)="varchar",_xlpm.可変bit数*8, IF(LEFT($H68,4)="char",_xlpm.可変bit数*8, IF(LEFT($H68,3)="bit",_xlpm.可変bit数,"???") ) ) ) ) -> 128 | K68: x | L68: screen_word.screen_word_uuid | M68: =_xlfn.SINGLE(IF(K68="","",IF(L68="","参照先未定義",_xlfn.XLOOKUP(L68,B:B,C:C,"エラー")))) -> 114 | N68: x
A69: 〇 | B69: =D69&"."&F69 -> page_author.fix_before | C69: =ROW()-1 -> 68 | D69: {=INDIRECT(ADDRESS(ROW()-1,COLUMN()))} -> page_author | E69: {=INDIRECT(ADDRESS(ROW()-1,COLUMN()))} -> ページ編集者 | F69: fix_before | G69: 修正前 | H69: text | I69: =_xlfn.LET( _xlpm.可変bit数,--MID(H69,FIND("(",H69)+1,FIND(")",H69)-FIND("(",H69)-1), _xlfn.XLOOKUP( $H69, 型とバイト数!$B$3:$B$54, 型とバイト数!$E$3:$E$54, IF(LEFT($H69,7)="varchar",_xlpm.可変bit数*8, IF(LEFT($H69,4)="char",_xlpm.可変bit数*8, IF(LEFT($H69,3)="bit",_xlpm.可変bit数,"???") ) ) ) ) -> - | M69: =_xlfn.SINGLE(IF(K69="","",IF(L69="","参照先未定義",_xlfn.XLOOKUP(L69,B:B,C:C,"エラー")))) | N69: x
A70: 〇 | B70: =D70&"."&F70 -> page_author.fix_after | C70: =ROW()-1 -> 69 | D70: {=INDIRECT(ADDRESS(ROW()-1,COLUMN()))} -> page_author | E70: {=INDIRECT(ADDRESS(ROW()-1,COLUMN()))} -> ページ編集者 | F70: fix_after | G70: 修正後 | H70: text | I70: =_xlfn.LET( _xlpm.可変bit数,--MID(H70,FIND("(",H70)+1,FIND(")",H70)-FIND("(",H70)-1), _xlfn.XLOOKUP( $H70, 型とバイト数!$B$3:$B$54, 型とバイト数!$E$3:$E$54, IF(LEFT($H70,7)="varchar",_xlpm.可変bit数*8, IF(LEFT($H70,4)="char",_xlpm.可変bit数*8, IF(LEFT($H70,3)="bit",_xlpm.可変bit数,"???") ) ) ) ) -> - | M70: =_xlfn.SINGLE(IF(K70="","",IF(L70="","参照先未定義",_xlfn.XLOOKUP(L70,B:B,C:C,"エラー")))) | N70: x
A71: 〇 | B71: =D71&"."&F71 -> page_author.fix_datetime | C71: =ROW()-1 -> 70 | D71: {=INDIRECT(ADDRESS(ROW()-1,COLUMN()))} -> page_author | E71: {=INDIRECT(ADDRESS(ROW()-1,COLUMN()))} -> ページ編集者 | F71: fix_datetime | G71: 修正日時 | H71: timestamptz | I71: =_xlfn.LET( _xlpm.可変bit数,--MID(H71,FIND("(",H71)+1,FIND(")",H71)-FIND("(",H71)-1), _xlfn.XLOOKUP( $H71, 型とバイト数!$B$3:$B$54, 型とバイト数!$E$3:$E$54, IF(LEFT($H71,7)="varchar",_xlpm.可変bit数*8, IF(LEFT($H71,4)="char",_xlpm.可変bit数*8, IF(LEFT($H71,3)="bit",_xlpm.可変bit数,"???") ) ) ) ) -> 64 | M71: =_xlfn.SINGLE(IF(K71="","",IF(L71="","参照先未定義",_xlfn.XLOOKUP(L71,B:B,C:C,"エラー")))) | N71: x | P71: CURRENT_TIMESTAMP
A72: 〇 | B72: =D72&"."&F72 -> page_author.report_count | C72: =ROW()-1 -> 71 | D72: {=INDIRECT(ADDRESS(ROW()-1,COLUMN()))} -> page_author | E72: {=INDIRECT(ADDRESS(ROW()-1,COLUMN()))} -> ページ編集者 | F72: report_count | G72: 通報数 | H72: integer | I72: =_xlfn.LET( _xlpm.可変bit数,--MID(H72,FIND("(",H72)+1,FIND(")",H72)-FIND("(",H72)-1), _xlfn.XLOOKUP( $H72, 型とバイト数!$B$3:$B$54, 型とバイト数!$E$3:$E$54, IF(LEFT($H72,7)="varchar",_xlpm.可変bit数*8, IF(LEFT($H72,4)="char",_xlpm.可変bit数*8, IF(LEFT($H72,3)="bit",_xlpm.可変bit数,"???") ) ) ) ) -> 32 | M72: =_xlfn.SINGLE(IF(K72="","",IF(L72="","参照先未定義",_xlfn.XLOOKUP(L72,B:B,C:C,"エラー")))) | N72: x | P72: 0
A73: 〇 | B73: =D73&"."&F73 -> page_author.create_datetime | C73: =ROW()-1 -> 72 | D73: {=INDIRECT(ADDRESS(ROW()-1,COLUMN()))} -> page_author | E73: {=INDIRECT(ADDRESS(ROW()-1,COLUMN()))} -> ページ編集者 | F73: create_datetime | G73: 作成日 | H73: timestamptz | I73: =_xlfn.LET( _xlpm.可変bit数,--MID(H73,FIND("(",H73)+1,FIND(")",H73)-FIND("(",H73)-1), _xlfn.XLOOKUP( $H73, 型とバイト数!$B$3:$B$54, 型とバイト数!$E$3:$E$54, IF(LEFT($H73,7)="varchar",_xlpm.可変bit数*8, IF(LEFT($H73,4)="char",_xlpm.可変bit数*8, IF(LEFT($H73,3)="bit",_xlpm.可変bit数,"???") ) ) ) ) -> 64 | M73: =_xlfn.SINGLE(IF(K73="","",IF(L73="","参照先未定義",_xlfn.XLOOKUP(L73,B:B,C:C,"エラー")))) | N73: x | P73: CURRENT_TIMESTAMP
A74: 〇 | B74: =D74&"."&F74 -> page_author.create_user | C74: =ROW()-1 -> 73 | D74: {=INDIRECT(ADDRESS(ROW()-1,COLUMN()))} -> page_author | E74: {=INDIRECT(ADDRESS(ROW()-1,COLUMN()))} -> ページ編集者 | F74: create_user | G74: 作成ユーザー | H74: varchar(32) | I74: =_xlfn.LET( _xlpm.可変bit数,--MID(H74,FIND("(",H74)+1,FIND(")",H74)-FIND("(",H74)-1), _xlfn.XLOOKUP( $H74, 型とバイト数!$B$3:$B$54, 型とバイト数!$E$3:$E$54, IF(LEFT($H74,7)="varchar",_xlpm.可変bit数*8, IF(LEFT($H74,4)="char",_xlpm.可変bit数*8, IF(LEFT($H74,3)="bit",_xlpm.可変bit数,"???") ) ) ) ) -> 256 | M74: =_xlfn.SINGLE(IF(K74="","",IF(L74="","参照先未定義",_xlfn.XLOOKUP(L74,B:B,C:C,"エラー")))) | N74: x | P74: CURRENT_USER | U74: 物理名を保存
A75: 〇 | B75: =D75&"."&F75 -> page_author.update_datetime | C75: =ROW()-1 -> 74 | D75: {=INDIRECT(ADDRESS(ROW()-1,COLUMN()))} -> page_author | E75: {=INDIRECT(ADDRESS(ROW()-1,COLUMN()))} -> ページ編集者 | F75: update_datetime | G75: 更新日 | H75: timestamptz | I75: =_xlfn.LET( _xlpm.可変bit数,--MID(H75,FIND("(",H75)+1,FIND(")",H75)-FIND("(",H75)-1), _xlfn.XLOOKUP( $H75, 型とバイト数!$B$3:$B$54, 型とバイト数!$E$3:$E$54, IF(LEFT($H75,7)="varchar",_xlpm.可変bit数*8, IF(LEFT($H75,4)="char",_xlpm.可変bit数*8, IF(LEFT($H75,3)="bit",_xlpm.可変bit数,"???") ) ) ) ) -> 64 | M75: =_xlfn.SINGLE(IF(K75="","",IF(L75="","参照先未定義",_xlfn.XLOOKUP(L75,B:B,C:C,"エラー")))) | N75: x | P75: CURRENT_TIMESTAMP
A76: 〇 | B76: =D76&"."&F76 -> page_author.update_user | C76: =ROW()-1 -> 75 | D76: {=INDIRECT(ADDRESS(ROW()-1,COLUMN()))} -> page_author | E76: {=INDIRECT(ADDRESS(ROW()-1,COLUMN()))} -> ページ編集者 | F76: update_user | G76: 更新ユーザー | H76: varchar(32) | I76: =_xlfn.LET( _xlpm.可変bit数,--MID(H76,FIND("(",H76)+1,FIND(")",H76)-FIND("(",H76)-1), _xlfn.XLOOKUP( $H76, 型とバイト数!$B$3:$B$54, 型とバイト数!$E$3:$E$54, IF(LEFT($H76,7)="varchar",_xlpm.可変bit数*8, IF(LEFT($H76,4)="char",_xlpm.可変bit数*8, IF(LEFT($H76,3)="bit",_xlpm.可変bit数,"???") ) ) ) ) -> 256 | M76: =_xlfn.SINGLE(IF(K76="","",IF(L76="","参照先未定義",_xlfn.XLOOKUP(L76,B:B,C:C,"エラー")))) | N76: x | P76: CURRENT_USER | U76: 物理名を保存
A77: 〇 | B77: =D77&"."&F77 -> page_author.soft_delete_flag | C77: =ROW()-1 -> 76 | D77: {=INDIRECT(ADDRESS(ROW()-1,COLUMN()))} -> page_author | E77: {=INDIRECT(ADDRESS(ROW()-1,COLUMN()))} -> ページ編集者 | F77: soft_delete_flag | G77: 論理削除フラグ | H77: boolean | I77: =_xlfn.LET( _xlpm.可変bit数,--MID(H77,FIND("(",H77)+1,FIND(")",H77)-FIND("(",H77)-1), _xlfn.XLOOKUP( $H77, 型とバイト数!$B$3:$B$54, 型とバイト数!$E$3:$E$54, IF(LEFT($H77,7)="varchar",_xlpm.可変bit数*8, IF(LEFT($H77,4)="char",_xlpm.可変bit数*8, IF(LEFT($H77,3)="bit",_xlpm.可変bit数,"???") ) ) ) ) -> 8 | M77: =_xlfn.SINGLE(IF(K77="","",IF(L77="","参照先未定義",_xlfn.XLOOKUP(L77,B:B,C:C,"エラー")))) | N77: x | P77: 0
A78: 〇 | B78: =D78&"."&F78 -> contact.contact_uuid | C78: =ROW()-1 -> 77 | D78: contact | E78: 問い合わせ | F78: =D78&"_uuid" -> contact_uuid | G78: UUID | H78: uuid | I78: =_xlfn.LET( _xlpm.可変bit数,--MID(H78,FIND("(",H78)+1,FIND(")",H78)-FIND("(",H78)-1), _xlfn.XLOOKUP( $H78, 型とバイト数!$B$3:$B$54, 型とバイト数!$E$3:$E$54, IF(LEFT($H78,7)="varchar",_xlpm.可変bit数*8, IF(LEFT($H78,4)="char",_xlpm.可変bit数*8, IF(LEFT($H78,3)="bit",_xlpm.可変bit数,"???") ) ) ) ) -> 128 | J78: x | M78: =_xlfn.SINGLE(IF(K78="","",IF(L78="","参照先未定義",_xlfn.XLOOKUP(L78,B:B,C:C,"エラー")))) | N78: x(PK制約) | O78: x(PK制約) | P78: gen_random_uuid()
A79: 〇 | B79: =D79&"."&F79 -> contact.mail_address | C79: =ROW()-1 -> 78 | D79: {=INDIRECT(ADDRESS(ROW()-1,COLUMN()))} -> contact | E79: {=INDIRECT(ADDRESS(ROW()-1,COLUMN()))} -> 問い合わせ | F79: mail_address | G79: メールアドレス | H79: varchar(255) | I79: =_xlfn.LET( _xlpm.可変bit数,--MID(H79,FIND("(",H79)+1,FIND(")",H79)-FIND("(",H79)-1), _xlfn.XLOOKUP( $H79, 型とバイト数!$B$3:$B$54, 型とバイト数!$E$3:$E$54, IF(LEFT($H79,7)="varchar",_xlpm.可変bit数*8, IF(LEFT($H79,4)="char",_xlpm.可変bit数*8, IF(LEFT($H79,3)="bit",_xlpm.可変bit数,"???") ) ) ) ) -> 2040 | M79: =_xlfn.SINGLE(IF(K79="","",IF(L79="","参照先未定義",_xlfn.XLOOKUP(L79,B:B,C:C,"エラー")))) | N79: x | R79: x
A80: 〇 | B80: =D80&"."&F80 -> contact.subject | C80: =ROW()-1 -> 79 | D80: {=INDIRECT(ADDRESS(ROW()-1,COLUMN()))} -> contact | E80: {=INDIRECT(ADDRESS(ROW()-1,COLUMN()))} -> 問い合わせ | F80: subject | G80: 件名 | H80: varchar(255) | I80: =_xlfn.LET( _xlpm.可変bit数,--MID(H80,FIND("(",H80)+1,FIND(")",H80)-FIND("(",H80)-1), _xlfn.XLOOKUP( $H80, 型とバイト数!$B$3:$B$54, 型とバイト数!$E$3:$E$54, IF(LEFT($H80,7)="varchar",_xlpm.可変bit数*8, IF(LEFT($H80,4)="char",_xlpm.可変bit数*8, IF(LEFT($H80,3)="bit",_xlpm.可変bit数,"???") ) ) ) ) -> 2040 | M80: =_xlfn.SINGLE(IF(K80="","",IF(L80="","参照先未定義",_xlfn.XLOOKUP(L80,B:B,C:C,"エラー")))) | N80: x | R80: x
A81: 〇 | B81: =D81&"."&F81 -> contact.contact_detail | C81: =ROW()-1 -> 80 | D81: {=INDIRECT(ADDRESS(ROW()-1,COLUMN()))} -> contact | E81: {=INDIRECT(ADDRESS(ROW()-1,COLUMN()))} -> 問い合わせ | F81: contact_detail | G81: 問い合わせ内容 | H81: text | I81: =_xlfn.LET( _xlpm.可変bit数,--MID(H81,FIND("(",H81)+1,FIND(")",H81)-FIND("(",H81)-1), _xlfn.XLOOKUP( $H81, 型とバイト数!$B$3:$B$54, 型とバイト数!$E$3:$E$54, IF(LEFT($H81,7)="varchar",_xlpm.可変bit数*8, IF(LEFT($H81,4)="char",_xlpm.可変bit数*8, IF(LEFT($H81,3)="bit",_xlpm.可変bit数,"???") ) ) ) ) -> - | M81: =_xlfn.SINGLE(IF(K81="","",IF(L81="","参照先未定義",_xlfn.XLOOKUP(L81,B:B,C:C,"エラー")))) | N81: x | R81: x
A82: 〇 | B82: =D82&"."&F82 -> contact.priority_physical_name | C82: =ROW()-1 -> 81 | D82: {=INDIRECT(ADDRESS(ROW()-1,COLUMN()))} -> contact | E82: {=INDIRECT(ADDRESS(ROW()-1,COLUMN()))} -> 問い合わせ | F82: priority_physical_name | G82: 優先度(物理名) | H82: uuid | I82: =_xlfn.LET( _xlpm.可変bit数,--MID(H82,FIND("(",H82)+1,FIND(")",H82)-FIND("(",H82)-1), _xlfn.XLOOKUP( $H82, 型とバイト数!$B$3:$B$54, 型とバイト数!$E$3:$E$54, IF(LEFT($H82,7)="varchar",_xlpm.可変bit数*8, IF(LEFT($H82,4)="char",_xlpm.可変bit数*8, IF(LEFT($H82,3)="bit",_xlpm.可変bit数,"???") ) ) ) ) -> 128 | K82: x | L82: priority.priority_uuid | M82: =_xlfn.SINGLE(IF(K82="","",IF(L82="","参照先未定義",_xlfn.XLOOKUP(L82,B:B,C:C,"エラー")))) -> 88
A83: 〇 | B83: =D83&"."&F83 -> contact.response_status_physical_name | C83: =ROW()-1 -> 82 | D83: {=INDIRECT(ADDRESS(ROW()-1,COLUMN()))} -> contact | E83: {=INDIRECT(ADDRESS(ROW()-1,COLUMN()))} -> 問い合わせ | F83: response_status_physical_name | G83: 対応状況(物理名) | H83: uuid | I83: =_xlfn.LET( _xlpm.可変bit数,--MID(H83,FIND("(",H83)+1,FIND(")",H83)-FIND("(",H83)-1), _xlfn.XLOOKUP( $H83, 型とバイト数!$B$3:$B$54, 型とバイト数!$E$3:$E$54, IF(LEFT($H83,7)="varchar",_xlpm.可変bit数*8, IF(LEFT($H83,4)="char",_xlpm.可変bit数*8, IF(LEFT($H83,3)="bit",_xlpm.可変bit数,"???") ) ) ) ) -> 128 | K83: x | L83: response_status.response_status_uuid | M83: =_xlfn.SINGLE(IF(K83="","",IF(L83="","参照先未定義",_xlfn.XLOOKUP(L83,B:B,C:C,"エラー")))) -> 96
A84: 〇 | B84: =D84&"."&F84 -> contact.create_datetime | C84: =ROW()-1 -> 83 | D84: {=INDIRECT(ADDRESS(ROW()-1,COLUMN()))} -> contact | E84: {=INDIRECT(ADDRESS(ROW()-1,COLUMN()))} -> 問い合わせ | F84: create_datetime | G84: 作成日 | H84: timestamptz | I84: =_xlfn.LET( _xlpm.可変bit数,--MID(H84,FIND("(",H84)+1,FIND(")",H84)-FIND("(",H84)-1), _xlfn.XLOOKUP( $H84, 型とバイト数!$B$3:$B$54, 型とバイト数!$E$3:$E$54, IF(LEFT($H84,7)="varchar",_xlpm.可変bit数*8, IF(LEFT($H84,4)="char",_xlpm.可変bit数*8, IF(LEFT($H84,3)="bit",_xlpm.可変bit数,"???") ) ) ) ) -> 64 | M84: =_xlfn.SINGLE(IF(K84="","",IF(L84="","参照先未定義",_xlfn.XLOOKUP(L84,B:B,C:C,"エラー")))) | N84: x | P84: CURRENT_TIMESTAMP
A85: 〇 | B85: =D85&"."&F85 -> contact.create_user | C85: =ROW()-1 -> 84 | D85: {=INDIRECT(ADDRESS(ROW()-1,COLUMN()))} -> contact | E85: {=INDIRECT(ADDRESS(ROW()-1,COLUMN()))} -> 問い合わせ | F85: create_user | G85: 作成ユーザー | H85: varchar(32) | I85: =_xlfn.LET( _xlpm.可変bit数,--MID(H85,FIND("(",H85)+1,FIND(")",H85)-FIND("(",H85)-1), _xlfn.XLOOKUP( $H85, 型とバイト数!$B$3:$B$54, 型とバイト数!$E$3:$E$54, IF(LEFT($H85,7)="varchar",_xlpm.可変bit数*8, IF(LEFT($H85,4)="char",_xlpm.可変bit数*8, IF(LEFT($H85,3)="bit",_xlpm.可変bit数,"???") ) ) ) ) -> 256 | M85: =_xlfn.SINGLE(IF(K85="","",IF(L85="","参照先未定義",_xlfn.XLOOKUP(L85,B:B,C:C,"エラー")))) | N85: x | P85: CURRENT_USER | U85: 物理名を保存
A86: 〇 | B86: =D86&"."&F86 -> contact.update_datetime | C86: =ROW()-1 -> 85 | D86: {=INDIRECT(ADDRESS(ROW()-1,COLUMN()))} -> contact | E86: {=INDIRECT(ADDRESS(ROW()-1,COLUMN()))} -> 問い合わせ | F86: update_datetime | G86: 更新日 | H86: timestamptz | I86: =_xlfn.LET( _xlpm.可変bit数,--MID(H86,FIND("(",H86)+1,FIND(")",H86)-FIND("(",H86)-1), _xlfn.XLOOKUP( $H86, 型とバイト数!$B$3:$B$54, 型とバイト数!$E$3:$E$54, IF(LEFT($H86,7)="varchar",_xlpm.可変bit数*8, IF(LEFT($H86,4)="char",_xlpm.可変bit数*8, IF(LEFT($H86,3)="bit",_xlpm.可変bit数,"???") ) ) ) ) -> 64 | M86: =_xlfn.SINGLE(IF(K86="","",IF(L86="","参照先未定義",_xlfn.XLOOKUP(L86,B:B,C:C,"エラー")))) | N86: x | P86: CURRENT_TIMESTAMP
A87: 〇 | B87: =D87&"."&F87 -> contact.update_user | C87: =ROW()-1 -> 86 | D87: {=INDIRECT(ADDRESS(ROW()-1,COLUMN()))} -> contact | E87: {=INDIRECT(ADDRESS(ROW()-1,COLUMN()))} -> 問い合わせ | F87: update_user | G87: 更新ユーザー | H87: varchar(32) | I87: =_xlfn.LET( _xlpm.可変bit数,--MID(H87,FIND("(",H87)+1,FIND(")",H87)-FIND("(",H87)-1), _xlfn.XLOOKUP( $H87, 型とバイト数!$B$3:$B$54, 型とバイト数!$E$3:$E$54, IF(LEFT($H87,7)="varchar",_xlpm.可変bit数*8, IF(LEFT($H87,4)="char",_xlpm.可変bit数*8, IF(LEFT($H87,3)="bit",_xlpm.可変bit数,"???") ) ) ) ) -> 256 | M87: =_xlfn.SINGLE(IF(K87="","",IF(L87="","参照先未定義",_xlfn.XLOOKUP(L87,B:B,C:C,"エラー")))) | N87: x | P87: CURRENT_USER | U87: 物理名を保存
A88: 〇 | B88: =D88&"."&F88 -> contact.soft_delete_flag | C88: =ROW()-1 -> 87 | D88: {=INDIRECT(ADDRESS(ROW()-1,COLUMN()))} -> contact | E88: {=INDIRECT(ADDRESS(ROW()-1,COLUMN()))} -> 問い合わせ | F88: soft_delete_flag | G88: 論理削除フラグ | H88: boolean | I88: =_xlfn.LET( _xlpm.可変bit数,--MID(H88,FIND("(",H88)+1,FIND(")",H88)-FIND("(",H88)-1), _xlfn.XLOOKUP( $H88, 型とバイト数!$B$3:$B$54, 型とバイト数!$E$3:$E$54, IF(LEFT($H88,7)="varchar",_xlpm.可変bit数*8, IF(LEFT($H88,4)="char",_xlpm.可変bit数*8, IF(LEFT($H88,3)="bit",_xlpm.可変bit数,"???") ) ) ) ) -> 8 | M88: =_xlfn.SINGLE(IF(K88="","",IF(L88="","参照先未定義",_xlfn.XLOOKUP(L88,B:B,C:C,"エラー")))) | N88: x | P88: 0
A89: 〇 | B89: =D89&"."&F89 -> priority.priority_uuid | C89: =ROW()-1 -> 88 | D89: priority | E89: 優先度 | F89: =D89&"_uuid" -> priority_uuid | G89: UUID | H89: uuid | I89: =_xlfn.LET( _xlpm.可変bit数,--MID(H89,FIND("(",H89)+1,FIND(")",H89)-FIND("(",H89)-1), _xlfn.XLOOKUP( $H89, 型とバイト数!$B$3:$B$54, 型とバイト数!$E$3:$E$54, IF(LEFT($H89,7)="varchar",_xlpm.可変bit数*8, IF(LEFT($H89,4)="char",_xlpm.可変bit数*8, IF(LEFT($H89,3)="bit",_xlpm.可変bit数,"???") ) ) ) ) -> 128 | J89: x | M89: =_xlfn.SINGLE(IF(K89="","",IF(L89="","参照先未定義",_xlfn.XLOOKUP(L89,B:B,C:C,"エラー")))) | N89: x(PK制約) | O89: x(PK制約) | P89: gen_random_uuid()
A90: 〇 | B90: =D90&"."&F90 -> priority.priority_physical_name | C90: =ROW()-1 -> 89 | D90: {=INDIRECT(ADDRESS(ROW()-1,COLUMN()))} -> priority | E90: {=INDIRECT(ADDRESS(ROW()-1,COLUMN()))} -> 優先度 | F90: priority_physical_name | G90: 優先度(物理名) | H90: varchar(8) | I90: =_xlfn.LET( _xlpm.可変bit数,--MID(H90,FIND("(",H90)+1,FIND(")",H90)-FIND("(",H90)-1), _xlfn.XLOOKUP( $H90, 型とバイト数!$B$3:$B$54, 型とバイト数!$E$3:$E$54, IF(LEFT($H90,7)="varchar",_xlpm.可変bit数*8, IF(LEFT($H90,4)="char",_xlpm.可変bit数*8, IF(LEFT($H90,3)="bit",_xlpm.可変bit数,"???") ) ) ) ) -> 64 | M90: =_xlfn.SINGLE(IF(K90="","",IF(L90="","参照先未定義",_xlfn.XLOOKUP(L90,B:B,C:C,"エラー")))) | N90: x | O90: x
A91: 〇 | B91: =D91&"."&F91 -> priority.priority_logical_name | C91: =ROW()-1 -> 90 | D91: {=INDIRECT(ADDRESS(ROW()-1,COLUMN()))} -> priority | E91: {=INDIRECT(ADDRESS(ROW()-1,COLUMN()))} -> 優先度 | F91: priority_logical_name | G91: 優先度(論理名) | H91: varchar(8) | I91: =_xlfn.LET( _xlpm.可変bit数,--MID(H91,FIND("(",H91)+1,FIND(")",H91)-FIND("(",H91)-1), _xlfn.XLOOKUP( $H91, 型とバイト数!$B$3:$B$54, 型とバイト数!$E$3:$E$54, IF(LEFT($H91,7)="varchar",_xlpm.可変bit数*8, IF(LEFT($H91,4)="char",_xlpm.可変bit数*8, IF(LEFT($H91,3)="bit",_xlpm.可変bit数,"???") ) ) ) ) -> 64 | M91: =_xlfn.SINGLE(IF(K91="","",IF(L91="","参照先未定義",_xlfn.XLOOKUP(L91,B:B,C:C,"エラー")))) | U91: 管理者向けのため、多言語化対応で削除しない
A92: 〇 | B92: =D92&"."&F92 -> priority.create_datetime | C92: =ROW()-1 -> 91 | D92: {=INDIRECT(ADDRESS(ROW()-1,COLUMN()))} -> priority | E92: {=INDIRECT(ADDRESS(ROW()-1,COLUMN()))} -> 優先度 | F92: create_datetime | G92: 作成日 | H92: timestamptz | I92: =_xlfn.LET( _xlpm.可変bit数,--MID(H92,FIND("(",H92)+1,FIND(")",H92)-FIND("(",H92)-1), _xlfn.XLOOKUP( $H92, 型とバイト数!$B$3:$B$54, 型とバイト数!$E$3:$E$54, IF(LEFT($H92,7)="varchar",_xlpm.可変bit数*8, IF(LEFT($H92,4)="char",_xlpm.可変bit数*8, IF(LEFT($H92,3)="bit",_xlpm.可変bit数,"???") ) ) ) ) -> 64 | M92: =_xlfn.SINGLE(IF(K92="","",IF(L92="","参照先未定義",_xlfn.XLOOKUP(L92,B:B,C:C,"エラー")))) | N92: x | P92: CURRENT_TIMESTAMP
A93: 〇 | B93: =D93&"."&F93 -> priority.create_user | C93: =ROW()-1 -> 92 | D93: {=INDIRECT(ADDRESS(ROW()-1,COLUMN()))} -> priority | E93: {=INDIRECT(ADDRESS(ROW()-1,COLUMN()))} -> 優先度 | F93: create_user | G93: 作成ユーザー | H93: varchar(32) | I93: =_xlfn.LET( _xlpm.可変bit数,--MID(H93,FIND("(",H93)+1,FIND(")",H93)-FIND("(",H93)-1), _xlfn.XLOOKUP( $H93, 型とバイト数!$B$3:$B$54, 型とバイト数!$E$3:$E$54, IF(LEFT($H93,7)="varchar",_xlpm.可変bit数*8, IF(LEFT($H93,4)="char",_xlpm.可変bit数*8, IF(LEFT($H93,3)="bit",_xlpm.可変bit数,"???") ) ) ) ) -> 256 | M93: =_xlfn.SINGLE(IF(K93="","",IF(L93="","参照先未定義",_xlfn.XLOOKUP(L93,B:B,C:C,"エラー")))) | N93: x | P93: CURRENT_USER | U93: 物理名を保存
A94: 〇 | B94: =D94&"."&F94 -> priority.update_datetime | C94: =ROW()-1 -> 93 | D94: {=INDIRECT(ADDRESS(ROW()-1,COLUMN()))} -> priority | E94: {=INDIRECT(ADDRESS(ROW()-1,COLUMN()))} -> 優先度 | F94: update_datetime | G94: 更新日 | H94: timestamptz | I94: =_xlfn.LET( _xlpm.可変bit数,--MID(H94,FIND("(",H94)+1,FIND(")",H94)-FIND("(",H94)-1), _xlfn.XLOOKUP( $H94, 型とバイト数!$B$3:$B$54, 型とバイト数!$E$3:$E$54, IF(LEFT($H94,7)="varchar",_xlpm.可変bit数*8, IF(LEFT($H94,4)="char",_xlpm.可変bit数*8, IF(LEFT($H94,3)="bit",_xlpm.可変bit数,"???") ) ) ) ) -> 64 | M94: =_xlfn.SINGLE(IF(K94="","",IF(L94="","参照先未定義",_xlfn.XLOOKUP(L94,B:B,C:C,"エラー")))) | N94: x | P94: CURRENT_TIMESTAMP
A95: 〇 | B95: =D95&"."&F95 -> priority.update_user | C95: =ROW()-1 -> 94 | D95: {=INDIRECT(ADDRESS(ROW()-1,COLUMN()))} -> priority | E95: {=INDIRECT(ADDRESS(ROW()-1,COLUMN()))} -> 優先度 | F95: update_user | G95: 更新ユーザー | H95: varchar(32) | I95: =_xlfn.LET( _xlpm.可変bit数,--MID(H95,FIND("(",H95)+1,FIND(")",H95)-FIND("(",H95)-1), _xlfn.XLOOKUP( $H95, 型とバイト数!$B$3:$B$54, 型とバイト数!$E$3:$E$54, IF(LEFT($H95,7)="varchar",_xlpm.可変bit数*8, IF(LEFT($H95,4)="char",_xlpm.可変bit数*8, IF(LEFT($H95,3)="bit",_xlpm.可変bit数,"???") ) ) ) ) -> 256 | M95: =_xlfn.SINGLE(IF(K95="","",IF(L95="","参照先未定義",_xlfn.XLOOKUP(L95,B:B,C:C,"エラー")))) | N95: x | P95: CURRENT_USER | U95: 物理名を保存
A96: 〇 | B96: =D96&"."&F96 -> priority.soft_delete_flag | C96: =ROW()-1 -> 95 | D96: {=INDIRECT(ADDRESS(ROW()-1,COLUMN()))} -> priority | E96: {=INDIRECT(ADDRESS(ROW()-1,COLUMN()))} -> 優先度 | F96: soft_delete_flag | G96: 論理削除フラグ | H96: boolean | I96: =_xlfn.LET( _xlpm.可変bit数,--MID(H96,FIND("(",H96)+1,FIND(")",H96)-FIND("(",H96)-1), _xlfn.XLOOKUP( $H96, 型とバイト数!$B$3:$B$54, 型とバイト数!$E$3:$E$54, IF(LEFT($H96,7)="varchar",_xlpm.可変bit数*8, IF(LEFT($H96,4)="char",_xlpm.可変bit数*8, IF(LEFT($H96,3)="bit",_xlpm.可変bit数,"???") ) ) ) ) -> 8 | M96: =_xlfn.SINGLE(IF(K96="","",IF(L96="","参照先未定義",_xlfn.XLOOKUP(L96,B:B,C:C,"エラー")))) | N96: x | P96: 0
A97: 〇 | B97: =D97&"."&F97 -> response_status.response_status_uuid | C97: =ROW()-1 -> 96 | D97: response_status | E97: 対応状況 | F97: =D97&"_uuid" -> response_status_uuid | G97: UUID | H97: uuid | I97: =_xlfn.LET( _xlpm.可変bit数,--MID(H97,FIND("(",H97)+1,FIND(")",H97)-FIND("(",H97)-1), _xlfn.XLOOKUP( $H97, 型とバイト数!$B$3:$B$54, 型とバイト数!$E$3:$E$54, IF(LEFT($H97,7)="varchar",_xlpm.可変bit数*8, IF(LEFT($H97,4)="char",_xlpm.可変bit数*8, IF(LEFT($H97,3)="bit",_xlpm.可変bit数,"???") ) ) ) ) -> 128 | J97: x | M97: =_xlfn.SINGLE(IF(K97="","",IF(L97="","参照先未定義",_xlfn.XLOOKUP(L97,B:B,C:C,"エラー")))) | N97: x(PK制約) | O97: x(PK制約) | P97: gen_random_uuid()
A98: 〇 | B98: =D98&"."&F98 -> response_status.response_status_physical_name | C98: =ROW()-1 -> 97 | D98: {=INDIRECT(ADDRESS(ROW()-1,COLUMN()))} -> response_status | E98: {=INDIRECT(ADDRESS(ROW()-1,COLUMN()))} -> 対応状況 | F98: response_status_physical_name | G98: 対応状況(物理名) | H98: varchar(8) | I98: =_xlfn.LET( _xlpm.可変bit数,--MID(H98,FIND("(",H98)+1,FIND(")",H98)-FIND("(",H98)-1), _xlfn.XLOOKUP( $H98, 型とバイト数!$B$3:$B$54, 型とバイト数!$E$3:$E$54, IF(LEFT($H98,7)="varchar",_xlpm.可変bit数*8, IF(LEFT($H98,4)="char",_xlpm.可変bit数*8, IF(LEFT($H98,3)="bit",_xlpm.可変bit数,"???") ) ) ) ) -> 64 | M98: =_xlfn.SINGLE(IF(K98="","",IF(L98="","参照先未定義",_xlfn.XLOOKUP(L98,B:B,C:C,"エラー")))) | N98: x | O98: x
A99: 〇 | B99: =D99&"."&F99 -> response_status.response_status_logical_name | C99: =ROW()-1 -> 98 | D99: {=INDIRECT(ADDRESS(ROW()-1,COLUMN()))} -> response_status | E99: {=INDIRECT(ADDRESS(ROW()-1,COLUMN()))} -> 対応状況 | F99: response_status_logical_name | G99: 対応状況(論理名) | H99: varchar(8) | I99: =_xlfn.LET( _xlpm.可変bit数,--MID(H99,FIND("(",H99)+1,FIND(")",H99)-FIND("(",H99)-1), _xlfn.XLOOKUP( $H99, 型とバイト数!$B$3:$B$54, 型とバイト数!$E$3:$E$54, IF(LEFT($H99,7)="varchar",_xlpm.可変bit数*8, IF(LEFT($H99,4)="char",_xlpm.可変bit数*8, IF(LEFT($H99,3)="bit",_xlpm.可変bit数,"???") ) ) ) ) -> 64 | M99: =_xlfn.SINGLE(IF(K99="","",IF(L99="","参照先未定義",_xlfn.XLOOKUP(L99,B:B,C:C,"エラー")))) | U99: 管理者向けのため、多言語化対応で削除しない
A100: 〇 | B100: =D100&"."&F100 -> response_status.create_datetime | C100: =ROW()-1 -> 99 | D100: {=INDIRECT(ADDRESS(ROW()-1,COLUMN()))} -> response_status | E100: {=INDIRECT(ADDRESS(ROW()-1,COLUMN()))} -> 対応状況 | F100: create_datetime | G100: 作成日 | H100: timestamptz | I100: =_xlfn.LET( _xlpm.可変bit数,--MID(H100,FIND("(",H100)+1,FIND(")",H100)-FIND("(",H100)-1), _xlfn.XLOOKUP( $H100, 型とバイト数!$B$3:$B$54, 型とバイト数!$E$3:$E$54, IF(LEFT($H100,7)="varchar",_xlpm.可変bit数*8, IF(LEFT($H100,4)="char",_xlpm.可変bit数*8, IF(LEFT($H100,3)="bit",_xlpm.可変bit数,"???") ) ) ) ) -> 64 | M100: =_xlfn.SINGLE(IF(K100="","",IF(L100="","参照先未定義",_xlfn.XLOOKUP(L100,B:B,C:C,"エラー")))) | N100: x | P100: CURRENT_TIMESTAMP
...

Sheet 型とバイト数
A1: https://qiita.com/hk_arc/items/0474d28bc8620571db3c
A2: カテゴリ | B2: データ型 | C2: 格納サイズ | D2: 格納サイズ(byte) | E2: 格納サイズ(bit) | F2: 範囲 | G2: 用途例
A3: 数値型 | B3: smallint | C3: 2バイト | D3: 2 | E3: =IF(D3<>"-",D3*8,"-") -> 16 | F3: -32,768 から +32,767 | G3: 小規模なIDやカウンターに適用
A4: 数値型 | B4: integer | C4: 4バイト | D4: 4 | E4: =IF(D4<>"-",D4*8,"-") -> 32 | F4: -2,147,483,648 から +2,147,483,647 | G4: 一般的な数値計算や中規模のIDに使用
A5: 数値型 | B5: bigint | C5: 8バイト | D5: 8 | E5: =IF(D5<>"-",D5*8,"-") -> 64 | F5: -9,223,372,036,854,775,808 から 9,223,372,036,854,775,807 | G5: 大規模なデータベースのIDや大規模な数値計算に使用
A6: 数値型 | B6: decimal | C6: 可変長 | D6: - | E6: =IF(D6<>"-",D6*8,"-") -> - | F6: 小数点前までは131072桁、小数点以降は16383桁 | G6: 金融取引や高精度計算に使用
A7: 数値型 | B7: numeric | C7: 可変長 | D7: - | E7: =IF(D7<>"-",D7*8,"-") -> - | F7: 小数点前までは131072桁、小数点以降は16383桁 | G7: 同上
A8: 数値型 | B8: real | C8: 4バイト | D8: 4 | E8: =IF(D8<>"-",D8*8,"-") -> 32 | F8: 6桁精度 | G8: 科学技術計算での近似値計算に使用
A9: 数値型 | B9: double precision | C9: 8バイト | D9: 8 | E9: =IF(D9<>"-",D9*8,"-") -> 64 | F9: 15桁精度 | G9: 高精度な科学技術計算に使用
A10: 数値型 | B10: smallserial | C10: 2バイト | D10: 2 | E10: =IF(D10<>"-",D10*8,"-") -> 16 | F10: 1から32,767 | G10: 自動生成される小規模な連続IDに使用
A11: 数値型 | B11: serial | C11: 4バイト | D11: 4 | E11: =IF(D11<>"-",D11*8,"-") -> 32 | F11: 1から2,147,483,647 | G11: 自動生成される中規模の連続IDに使用
A12: 数値型 | B12: bigserial | C12: 8バイト | D12: 8 | E12: =IF(D12<>"-",D12*8,"-") -> 64 | F12: 1から9,223,372,036,854,775,807 | G12: 自動生成される大規模な連続IDに使用
A13: 通貨型 | B13: money | C13: 8バイト | D13: 8 | E13: =IF(D13<>"-",D13*8,"-") -> 64 | F13: -922,337,203,685,477.5808 から 922,337,203,685,477.5807 | G13: 金融取引の金額や費用の格納に使用
A14: 文字列型 | B14: character(n), char(n) | C14: nバイト | D14: - | E14: =IF(D14<>"-",D14*8,"-") -> - | F14: 固定長n文字 | G14: 固定長のデータ、例えば性別、国コードなど
A15: 文字列型 | B15: character varying(n), varchar(n) | C15: 最大nバイト | D15: - | E15: =IF(D15<>"-",D15*8,"-") -> - | F15: 最大n文字 | G15: 可変長データ、例えば名前、住所など
A16: 文字列型 | B16: text | C16: 可変長 | D16: - | E16: =IF(D16<>"-",D16*8,"-") -> - | F16: 無制限 | G16: 長いテキストデータ、例えば記事内容、コメント
A17: 日付/時刻型 | B17: timestamp [ (p) ] [ without time zone ] | C17: 8バイト | D17: 8 | E17: =IF(D17<>"-",D17*8,"-") -> 64 | F17: 4713 BCから294276 AD | G17: 歴史的または将来のイベントの日時の記録
A18: 日付/時刻型 | B18: timestamp [ (p) ] with time zone | C18: 8バイト | D18: 8 | E18: =IF(D18<>"-",D18*8,"-") -> 64 | F18: 4713 BCから294276 AD | G18: グローバルで発生するイベントの時間を地域別に記録
A19: 日付/時刻型 | B19: timestamp | C19: 8バイト | D19: 8 | E19: =IF(D19<>"-",D19*8,"-") -> 64 | G19: テーブル一覧でバイト数を計算する用。実際はtimestamp [ (p) ] [ without time zone ]
A20: 日付/時刻型 | B20: timestamptz | C20: 8バイト | D20: 8 | E20: =IF(D20<>"-",D20*8,"-") -> 64 | G20: テーブル一覧でバイト数を計算する用。実際はtimestamp [ (p) ] [ without time zone ]
A21: 日付/時刻型 | B21: date | C21: 4バイト | D21: 4 | E21: =IF(D21<>"-",D21*8,"-") -> 32 | F21: 4713 BCから5874897 AD | G21: 日付のみが必要な場合（例：生年月日）
A22: 日付/時刻型 | B22: time [ (p) ] [ without time zone ] | C22: 8バイト | D22: 8 | E22: =IF(D22<>"-",D22*8,"-") -> 64 | F22: 00:00:00から24:00:00 | G22: 日々のスケジュールや業務時間の管理
A23: 日付/時刻型 | B23: time [ (p) ] with time zone | C23: 12バイト | D23: 12 | E23: =IF(D23<>"-",D23*8,"-") -> 96 | F23: 00:00:00+1459から24:00:00-1459 | G23: タイムゾーンを考慮した正確な時刻記録
A24: 日付/時刻型 | B24: interval [ fields ] [ (p) ] | C24: 12バイト | D24: 12 | E24: =IF(D24<>"-",D24*8,"-") -> 96 | F24: -178000000年から178000000年 | G24: 時間の経過、期間の測定（例：保証期間、契約期間）
A25: 論理型 | B25: boolean | C25: 1バイト | D25: 1 | E25: =IF(D25<>"-",D25*8,"-") -> 8 | F25: true/false | G25: フラグ、条件式の結果
A26: JSON型 | B26: json | C26: 可変長 | D26: - | E26: =IF(D26<>"-",D26*8,"-") -> - | F26: 無制限 | G26: 設定データ、動的フォームデータ
A27: JSON型 | B27: jsonb | C27: 可変長 | D27: - | E27: =IF(D27<>"-",D27*8,"-") -> - | F27: 無制限 | G27: インデックス付きJSONデータ
A28: 幾何データ型 | B28: point | C28: 16バイト | D28: 16 | E28: =IF(D28<>"-",D28*8,"-") -> 128 | F28: (x, y) | G28: 地図上の特定の位置を表す
A29: 幾何データ型 | B29: line | C29: 32バイト | D29: 32 | E29: =IF(D29<>"-",D29*8,"-") -> 256 | F29: ((x1, y1), (x2, y2)) | G29: 無限に伸びる直線を表現（完全には実装されていない）
A30: 幾何データ型 | B30: lseg | C30: 32バイト | D30: 32 | E30: =IF(D30<>"-",D30*8,"-") -> 256 | F30: ((x1, y1), (x2, y2)) | G30: 有限の線分を表す
A31: 幾何データ型 | B31: box | C31: 32バイト | D31: 32 | E31: =IF(D31<>"-",D31*8,"-") -> 256 | F31: ((x1, y1), (x2, y2)) | G31: 矩形を表現するために使用
A32: 幾何データ型 | B32: path | C32: 16 + 16nバイト | D32: - | E32: =IF(D32<>"-",D32*8,"-") -> - | F32: 閉経路：((x1, y1), ...) | G32: 閉じた多角形のパスを表現する
A33: 幾何データ型 | B33: path | C33: 16 + 16nバイト | D33: - | E33: =IF(D33<>"-",D33*8,"-") -> - | F33: 開経路：[(x1, y1), ...] | G33: 開いた経路のパスを表現する
A34: 幾何データ型 | B34: polygon | C34: 40 + 16nバイト | D34: - | E34: =IF(D34<>"-",D34*8,"-") -> - | F34: ((x1, y1), ...) | G34: 多角形を表現する
A35: 幾何データ型 | B35: circle | C35: 24バイト | D35: 24 | E35: =IF(D35<>"-",D35*8,"-") -> 192 | F35: <(x, y), r>（中心と半径） | G35: 円を表現するために使用
A36: ネットワーク型 | B36: cidr | C36: 7もしくは19バイト | D36: - | E36: =IF(D36<>"-",D36*8,"-") -> - | F36: IPv4、およびIPv6ネットワーク | G36: IPアドレスブロックの管理、ネットワーク計画
A37: ネットワーク型 | B37: inet | C37: 7もしくは19バイト | D37: - | E37: =IF(D37<>"-",D37*8,"-") -> - | F37: IPv4もしくはIPv6ホスト、およびネットワーク | G37: 個別のIPアドレスおよびそのネットワークマスクの記録
A38: ネットワーク型 | B38: macaddr | C38: 6バイト | D38: 6 | E38: =IF(D38<>"-",D38*8,"-") -> 48 | F38: MACアドレス | G38: ネットワークハードウェアの識別
A39: ビット列型 | B39: bit(n) | C39: nビット | D39: - | E39: =IF(D39<>"-",D39*8,"-") -> - | F39: 固定長nビット | G39: フラグ、ビットマスク、固定長ビットデータの格納
A40: ビット列型 | B40: bit varying(n) | C40: 最大nビット | D40: - | E40: =IF(D40<>"-",D40*8,"-") -> - | F40: 可変長最大nビット | G40: 可変長のビットデータの格納
A41: テキスト検索型 | B41: tsvector | C41: 可変長 | D41: - | E41: =IF(D41<>"-",D41*8,"-") -> - | F41: - | G41: ドキュメントの正規化された単語のリストを格納
A42: テキスト検索型 | B42: tsquery | C42: 可変長 | D42: - | E42: =IF(D42<>"-",D42*8,"-") -> - | F42: - | G42: 検索クエリを表す、正規化された単語と論理演算子の組み合わせ
A43: テキスト検索型 | B43: regconfig | C43: 4バイト | D43: 4 | E43: =IF(D43<>"-",D43*8,"-") -> 32 | F43: - | G43: テキスト検索の設定を指定するための型
A44: 地理空間型 | B44: geometry | C44: 可変長 | D44: - | E44: =IF(D44<>"-",D44*8,"-") -> - | F44: 地理空間データ (PostGIS拡張で利用) | G44: 地理情報システム(GIS)のデータ管理
A45: UUID型 | B45: uuid | C45: 16バイト | D45: 16 | E45: =IF(D45<>"-",D45*8,"-") -> 128 | F45: ユニバーサル一意識別子 | G45: システム全体で一意なIDの生成
A46: XML型 | B46: xml | C46: 可変長 | D46: - | E46: =IF(D46<>"-",D46*8,"-") -> - | F46: XMLデータ | G46: XMLデータの格納と交換
A47: 列挙型 | B47: enum | C47: 可変長 | D47: - | E47: =IF(D47<>"-",D47*8,"-") -> - | F47: 列挙型（指定された入力値のみ許容） | G47: ステータス、カテゴリ
A48: 配列型 | B48: array | C48: 可変長 | D48: - | E48: =IF(D48<>"-",D48*8,"-") -> - | F48: 同一データ型の要素を持つ可変長配列 | G48: 複数の電話番号、趣味リスト
A49: 範囲型 | B49: int4range | C49: 可変長 | D49: - | E49: =IF(D49<>"-",D49*8,"-") -> - | F49: 整数の範囲 | G49: 数値範囲を指定する場合、例えば商品の価格範囲
A50: 範囲型 | B50: int8range | C50: 可変長 | D50: - | E50: =IF(D50<>"-",D50*8,"-") -> - | F50: 大きな整数の範囲 | G50: データベースにおける大量の数値データの範囲指定
A51: 範囲型 | B51: numrange | C51: 可変長 | D51: - | E51: =IF(D51<>"-",D51*8,"-") -> - | F51: 数値の範囲 | G51: 金融取引における金額の範囲指定
A52: 範囲型 | B52: tsrange | C52: 可変長 | D52: - | E52: =IF(D52<>"-",D52*8,"-") -> - | F52: タイムスタンプの範囲 | G52: 期間を指定するイベントや予約システム
A53: 範囲型 | B53: tstzrange | C53: 可変長 | D53: - | E53: =IF(D53<>"-",D53*8,"-") -> - | F53: タイムゾーン付きタイムスタンプの範囲 | G53: グローバルなイベントのスケジュール管理
A54: 範囲型 | B54: daterange | C54: 可変長 | D54: - | E54: =IF(D54<>"-",D54*8,"-") -> - | F54: 日付の範囲 | G54: 教育機関における学期や休暇期間の管理
